CREATE DATABASE  IF NOT EXISTS `milestone3` /*!40100 DEFAULT CHARACTER SET utf8mb4 COLLATE utf8mb4_0900_ai_ci */ /*!80016 DEFAULT ENCRYPTION='N' */;
USE `milestone3`;
-- MySQL dump 10.13  Distrib 8.0.31, for macos12 (x86_64)
--
-- Host: localhost    Database: milestone3
-- ------------------------------------------------------
-- Server version	8.0.30

/*!40101 SET @OLD_CHARACTER_SET_CLIENT=@@CHARACTER_SET_CLIENT */;
/*!40101 SET @OLD_CHARACTER_SET_RESULTS=@@CHARACTER_SET_RESULTS */;
/*!40101 SET @OLD_COLLATION_CONNECTION=@@COLLATION_CONNECTION */;
/*!50503 SET NAMES utf8 */;
/*!40103 SET @OLD_TIME_ZONE=@@TIME_ZONE */;
/*!40103 SET TIME_ZONE='+00:00' */;
/*!40014 SET @OLD_UNIQUE_CHECKS=@@UNIQUE_CHECKS, UNIQUE_CHECKS=0 */;
/*!40014 SET @OLD_FOREIGN_KEY_CHECKS=@@FOREIGN_KEY_CHECKS, FOREIGN_KEY_CHECKS=0 */;
/*!40101 SET @OLD_SQL_MODE=@@SQL_MODE, SQL_MODE='NO_AUTO_VALUE_ON_ZERO' */;
/*!40111 SET @OLD_SQL_NOTES=@@SQL_NOTES, SQL_NOTES=0 */;

--
-- Table structure for table `aktor`
--

DROP TABLE IF EXISTS `aktor`;
/*!40101 SET @saved_cs_client     = @@character_set_client */;
/*!50503 SET character_set_client = utf8mb4 */;
CREATE TABLE `aktor` (
  `id_aktor` int NOT NULL,
  `nama_depan` varchar(100) DEFAULT NULL,
  `nama_belakang` varchar(100) DEFAULT NULL,
  PRIMARY KEY (`id_aktor`)
) ENGINE=InnoDB DEFAULT CHARSET=utf8mb4 COLLATE=utf8mb4_0900_ai_ci;
/*!40101 SET character_set_client = @saved_cs_client */;

--
-- Dumping data for table `aktor`
--

LOCK TABLES `aktor` WRITE;
/*!40000 ALTER TABLE `aktor` DISABLE KEYS */;
INSERT INTO `aktor` VALUES (1,'Jasun','Kalvin'),(2,'Inga','Biglin'),(3,'Adriane','Poor'),(4,'Shalna','Grimsditch'),(5,'Frederico','Renahan'),(6,'Christie','Harburtson'),(7,'Rudolph','Tincey'),(8,'Pauline','Banton'),(9,'Natividad','Mucci'),(10,'Faulkner','Matterface'),(11,'Amos','Bruckent'),(12,'Antonietta','Cherrison'),(13,'Emlynne','Fouch'),(14,'Nessi','Swanbourne'),(15,'Karrie','McKernon'),(16,'Jillana','Box'),(17,'Ashbey','Deakin'),(18,'Georgette','Guard'),(19,'Aleta','Longhorne'),(20,'Granthem','Okenden'),(21,'Nevil','Neames'),(22,'Jewell','Coldbath'),(23,'Saw','Taffe'),(24,'Lotta','Conyer'),(25,'Shelli','Belk'),(26,'Keene','Gorrick'),(27,'Kristofor','Blodgett'),(28,'Orsola','Malpass'),(29,'Gaven','Perrot'),(30,'Massimiliano','Caberas'),(31,'Toby','Moores'),(32,'Kamilah','Dummigan'),(33,'Ceciley','Droghan'),(34,'Livvie','Jacobsz'),(35,'Burlie','Croxall'),(36,'Kathy','Tradewell'),(37,'Gabriele','Banbury'),(38,'Felipa','Gilardoni'),(39,'Trace','Osbourn'),(40,'Randa','Loveredge'),(41,'Rhona','Downton'),(42,'Lindsay','Kondrat'),(43,'Juanita','Worledge'),(44,'Ameline','Cass'),(45,'Britni','Khomin'),(46,'Arch','Vearncombe'),(47,'Emile','Bedin'),(48,'Larisa','Blackborne'),(49,'Ximenez','Victory'),(50,'Genvieve','Darracott'),(51,'Leonanie','Camamill'),(52,'Corena','Gratrex'),(53,'Emmery','M\'Quhan'),(54,'Audry','Radden'),(55,'Boycey','Putnam'),(56,'Jacquette','McCray'),(57,'Ninetta','McSorley'),(58,'Cassey','Mingardi'),(59,'Ravi','Dunbar'),(60,'Tadeo','Forsyde'),(61,'Ynez','Huxton'),(62,'Lida','Speddin'),(63,'Burr','Kettlestringes'),(64,'Waylen','Bugdell'),(65,'Tammie','Sefton'),(66,'Papagena','McLennan'),(67,'Elsinore','Crothers'),(68,'Claribel','Feaster'),(69,'Bendicty','Boothe'),(70,'Nico','Shoebridge'),(71,'Killian','Skerritt'),(72,'Templeton','Giraudy'),(73,'Arline','Diplock'),(74,'Reeva','Hughs'),(75,'Kev','Wittering'),(76,'Rice','Skryne'),(77,'Cristiano','Mathivat'),(78,'Townie','Ritelli'),(79,'Reena','Coling'),(80,'Godiva','Ovill'),(81,'Sabrina','Dhennin'),(82,'Tyne','Bohin'),(83,'Aida','Goodliffe'),(84,'Stacy','Liddel'),(85,'Anabal','Mattessen'),(86,'Clayborn','Grindley'),(87,'Lyndsay','Dy'),(88,'Giustina','Ouslem'),(89,'Margareta','Padmore'),(90,'Gabriell','Feavers'),(91,'Zacherie','Janikowski'),(92,'Cedric','Pinnick'),(93,'Grannie','Spur'),(94,'Priscilla','Mooreed'),(95,'Ally','Corbie'),(96,'Consuela','McGinty'),(97,'Sybille','Dehmel'),(98,'Virgilio','Lillyman'),(99,'Carlene','Rainsden'),(100,'Cindelyn','Andric'),(101,'Anabel','Giorgini'),(102,'Jasper','Riccioppo'),(103,'Elisha','Emloch'),(104,'Mireielle','Whitney'),(105,'Jerald','Wight'),(106,'Kristyn','Aimable'),(107,'Bernette','Purdom'),(108,'Tildie','Balm'),(109,'Zane','Sparhawk'),(110,'Hartley','Physic'),(111,'Benedicto','Andrysiak'),(112,'Jaynell','Wattins'),(113,'Daffy','Agius'),(114,'Corny','Thurby'),(115,'Malory','Skiggs'),(116,'Brenn','Pigford'),(117,'Paulie','Rigard'),(118,'Saxon','Ducker'),(119,'Artemus','Celand'),(120,'Samuel','Wainscot'),(121,'Vick','Bilsford'),(122,'Nanny','Jopp'),(123,'Bernard','Sanz'),(124,'Cyril','Cahillane'),(125,'Jori','Birdis'),(126,'Piggy','Dufour'),(127,'Orsa','McParland'),(128,'Jaquenetta','Garshore'),(129,'Zena','Levington'),(130,'Toma','Channer'),(131,'Emilia','Leneve'),(132,'Cherish','Pittaway'),(133,'Aggi','Rawlin'),(134,'Conrad','Ilett'),(135,'Tonye','Flacknell'),(136,'Bellina','Duferie'),(137,'Deny','Renfrew'),(138,'Libbey','McCarlich'),(139,'Clementius','Loxly'),(140,'Daisey','Cavnor'),(141,'Klarika','Pinar'),(142,'Bryant','Haysey'),(143,'Effie','Lampl'),(144,'Morissa','Antonik'),(145,'Brad','Treherne'),(146,'Rozanna','Swateridge'),(147,'Carter','Petyt'),(148,'Jasmine','Akehurst'),(149,'Cris','Jolliss'),(150,'Vanna','Sambiedge'),(151,'Stephi','Berrill'),(152,'Lory','Skate'),(153,'Delia','Woolgar'),(154,'Aldrich','Rhubottom'),(155,'Maryann','Willment'),(156,'Locke','Jevons'),(157,'Juli','Nyssen'),(158,'Jonie','Shawyer'),(159,'Elliott','Wickardt'),(160,'Sherie','Kinningley'),(161,'Barth','Dafter'),(162,'Aguistin','Lavell'),(163,'Rica','O\'Cahey'),(164,'Sayers','Stickney'),(165,'Elston','Hardaker'),(166,'Dickie','Sibyllina'),(167,'Abigail','Abdee'),(168,'Wald','Ghelerdini'),(169,'Herbie','Cockitt'),(170,'Constantina','McCart'),(171,'Ray','Kunzel'),(172,'Cassie','Quipp'),(173,'Eric','Stiell'),(174,'Berni','Rutter'),(175,'Malia','Roderham'),(176,'Suzi','Hollow'),(177,'Maureen','Coneybeer'),(178,'Winny','Maunton'),(179,'Afton','Dawks'),(180,'Leonora','Saltmarsh'),(181,'Bernard','Hayen'),(182,'Kris','Niesel'),(183,'Lester','Shrawley'),(184,'Raviv','Joiris'),(185,'Elinore','Rotge'),(186,'Tammi','Bratty'),(187,'Winny','Allnatt'),(188,'Morry','Polgreen'),(189,'Esme','Chsteney'),(190,'Mendy','Veillard'),(191,'Solly','Sambrook'),(192,'Pincas','Houchin'),(193,'Anni','Goldby'),(194,'Cherin','Stockdale'),(195,'Jacinda','Bunston'),(196,'Zena','Allom'),(197,'Ulysses','Jiggen'),(198,'Belvia','Krook'),(199,'Shelley','Filippucci'),(200,'Mariam','Vedekhov'),(201,'Courtnay','Matchell'),(202,'Luelle','Itzkovwitch'),(203,'Mill','Winman'),(204,'Pinchas','Sherlaw'),(205,'Trish','Paradine'),(206,'Bud','Gleave'),(207,'Jon','Bellam'),(208,'Evangelina','Lunn'),(209,'Shaw','Nappin'),(210,'Emmye','Duckerin'),(211,'Benson','Phonix'),(212,'Catlin','Daltry'),(213,'Garreth','Raithby'),(214,'Allis','Kloska'),(215,'Bertie','Ivie'),(216,'Lorelei','Hiorn'),(217,'Patrice','Mott'),(218,'Agata','Truelock'),(219,'Nikos','Natalie'),(220,'Niccolo','Jorgesen'),(221,'Wileen','Cleife'),(222,'Ajay','Bofield'),(223,'Fritz','Cuttle'),(224,'Jimmie','Ricket'),(225,'Florry','Yekel'),(226,'Samson','Pomfret'),(227,'Astrix','Mungane'),(228,'Marsha','Sailes'),(229,'Jerrold','Elcoat'),(230,'Deanne','Ibarra'),(231,'Lee','McRinn'),(232,'Fifi','Rendbaek'),(233,'Walden','Butterley'),(234,'Ephrem','Hargey'),(235,'Marabel','Palluschek'),(236,'Brose','Twidell'),(237,'Perry','Fireman'),(238,'Heall','Blethin'),(239,'Halley','Abden'),(240,'Micah','Funnell'),(241,'Corrine','Toretta'),(242,'Sylvia','Gammack'),(243,'Ramsay','Tomaszkiewicz'),(244,'Tallulah','Spriggs'),(245,'Mabelle','Piddlesden'),(246,'Elden','Connealy'),(247,'Orion','Crippell'),(248,'Sigmund','Janaud'),(249,'Rafaellle','Bampford'),(250,'Nehemiah','Mesias'),(251,'Adoree','Honisch'),(252,'Holly','Wabersich'),(253,'Cecilius','Gert'),(254,'Emile','Burgisi'),(255,'Othelia','Pidduck'),(256,'Poppy','Brient'),(257,'Sampson','cornhill'),(258,'Timothee','Picott'),(259,'Othilie','Butson'),(260,'Kalila','Haldon'),(261,'Ibbie','Vouls'),(262,'Conny','Stoner'),(263,'Haven','Lemin'),(264,'Jere','Hartill'),(265,'Dedra','Dunniom'),(266,'Ted','Dickson'),(267,'Alf','Ginity'),(268,'Gisele','Maggiore'),(269,'Ernaline','Roskelly'),(270,'Arlina','Piffe'),(271,'Federica','Paradise'),(272,'Dorolisa','Gotts'),(273,'Abby','Rieflin'),(274,'Arie','Lipgens'),(275,'Robyn','Pettecrew'),(276,'Eli','Denison'),(277,'Arlene','Wyer'),(278,'Denny','Siggers'),(279,'Marlee','Densun'),(280,'Sigfried','Eisikovitsh'),(281,'Marjory','Toffalo'),(282,'Maggee','McDonogh'),(283,'Hallie','Hoggan'),(284,'Menard','Mark'),(285,'Florina','St. Queintain'),(286,'Broderic','Beldam'),(287,'Johna','Dellenbrook'),(288,'Tobin','Grumbridge'),(289,'Irvine','Dempster'),(290,'Rory','Treves'),(291,'Lemuel','Flear'),(292,'Matilda','Ruxton'),(293,'Stacey','Holligan'),(294,'Vannie','Cordeau]'),(295,'Melita','MacSwayde'),(296,'Latisha','Edeson'),(297,'Winfred','Calow'),(298,'Melodee','Farlambe'),(299,'Riki','Miroy'),(300,'Nikkie','Otham'),(301,'Gerardo','Armell'),(302,'Rosemaria','Krause'),(303,'Cliff','Gotthard.sf'),(304,'Joey','Januszewicz'),(305,'Netty','Suddaby'),(306,'Isidore','Orrobin'),(307,'Allyson','Fenkel'),(308,'Penelopa','Mackness'),(309,'Morley','Purslow'),(310,'Gaspar','Zanelli'),(311,'Brade','Mish'),(312,'Timothee','Spedroni'),(313,'Rici','Boyles'),(314,'Remy','DeSousa'),(315,'Bar','Gatchel'),(316,'Lincoln','Antonnikov'),(317,'Blisse','Chidley'),(318,'Zorah','Hockey'),(319,'Mort','Kelso'),(320,'Violette','McIllroy'),(321,'Marve','Dyster'),(322,'Riordan','Locksley'),(323,'Karol','La Batie'),(324,'Kassey','Capin'),(325,'Kerwinn','McGinly'),(326,'Shoshana','Willwood'),(327,'Ferris','Mulcock'),(328,'Jaquelin','Bucktrout'),(329,'Glyn','Whale'),(330,'Cairistiona','Thody'),(331,'Morgana','Elce'),(332,'Margit','Bassill'),(333,'Annette','Pickthorne'),(334,'Tricia','McElrath'),(335,'Cyrus','Donner'),(336,'Linnie','Torbett'),(337,'Faulkner','Carl'),(338,'Valeda','Lambrook'),(339,'Tatum','Wickett'),(340,'Arden','Yokel'),(341,'Melissa','Hurdis'),(342,'Giorgia','Byllam'),(343,'Laney','Handy'),(344,'Ruy','Klaiser'),(345,'Keven','Di Giacomo'),(346,'Berenice','Lesser'),(347,'Talia','Rosenblatt'),(348,'Reinold','Sabban'),(349,'Arnie','Hammerman'),(350,'Gustaf','Penniall'),(351,'Kerrin','Hayth'),(352,'Wrennie','Hegge'),(353,'Nikki','Goff'),(354,'Marchelle','Vader'),(355,'Nikoletta','McClean'),(356,'Kelsey','Tilling'),(357,'Elayne','Tithecott'),(358,'Giselbert','Grandisson'),(359,'Derwin','Hyslop'),(360,'Garrik','Lorentzen'),(361,'Catherin','Albert'),(362,'Reamonn','Yurivtsev'),(363,'Pebrook','Egdell'),(364,'Jocelyn','Cruwys'),(365,'Jewel','Yakovliv'),(366,'Berk','Tacon'),(367,'Horton','Hovee'),(368,'Benoite','Wyss'),(369,'Suzanne','Byatt'),(370,'Estell','MacCostigan'),(371,'Mikkel','Boyet'),(372,'Teodor','Borzone'),(373,'Linea','Muffett'),(374,'Vale','Marquese'),(375,'Doretta','Hedworth'),(376,'Larina','Deam'),(377,'Petronilla','Saylor'),(378,'Ashlie','Trevillion'),(379,'Franny','France'),(380,'Terrel','Dakin'),(381,'Lethia','Simanenko'),(382,'Ugo','Harnetty'),(383,'Dwain','Waldron'),(384,'Corey','Litzmann'),(385,'Heath','Cannavan'),(386,'Ingeberg','Livick'),(387,'Briny','Goodey'),(388,'Margette','Dumper'),(389,'Jody','Rattry'),(390,'Wenonah','Jime'),(391,'Stafford','Colnett'),(392,'Yolanthe','Matthewman'),(393,'Anderea','Stubbington'),(394,'Ranique','Tabord'),(395,'Sig','Bontine'),(396,'Bettye','Hudd'),(397,'Xena','Liff'),(398,'Patton','Kydd'),(399,'Giulia','Base'),(400,'Fredelia','McMurray'),(401,'Simonette','Addison'),(402,'Carey','Ginner'),(403,'Don','Killen'),(404,'Elisabetta','Branscombe'),(405,'Nealon','Carbin'),(406,'Karolina','L\'Hommeau'),(407,'Jayme','Crowdson'),(408,'Maryanna','Bendley'),(409,'Selby','Devote'),(410,'Tabitha','Apfelmann'),(411,'Franni','Fallon'),(412,'Kerwinn','Cyphus'),(413,'Phylis','Snibson'),(414,'Wolfgang','Maxwaile'),(415,'Bevon','Phelan'),(416,'Jodie','Teasdale'),(417,'Sosanna','Deehan'),(418,'Michael','Hayhow'),(419,'Ermina','Tulley'),(420,'Cecile','Cordeiro'),(421,'Annissa','Ellum'),(422,'Allen','Danzelman'),(423,'Myranda','Petrello'),(424,'Reta','Parkyns'),(425,'Helenelizabeth','Reavey'),(426,'Yolane','Lemme'),(427,'Sidoney','Yarrell'),(428,'Loren','Darrigrand'),(429,'Josepha','Liebrecht'),(430,'Randy','Ingle'),(431,'Flemming','Murby'),(432,'Kakalina','Gerardet'),(433,'Baudoin','Thody'),(434,'Philip','Creek'),(435,'Gawen','Liddicoat'),(436,'Georgette','Pieters'),(437,'Gael','Puddicombe'),(438,'Lorinda','Ditch'),(439,'Jakob','Grinnell'),(440,'Aron','Currom'),(441,'Masha','Mandifield'),(442,'Fay','Sleaford'),(443,'Candice','Copnall'),(444,'Ardelle','Neylon'),(445,'Gardie','Blaskett'),(446,'Darryl','Semeradova'),(447,'Elden','Maulden'),(448,'Corabel','Kitman'),(449,'Emery','Cumberland'),(450,'Rochester','Postins'),(451,'Mindy','Ferron'),(452,'Atlanta','Aspital'),(453,'Isidora','Vaughton'),(454,'Sacha','Woolaston'),(455,'Rozanna','Armsden'),(456,'Libby','Dugall'),(457,'Asher','Fenn'),(458,'Maryl','Andrin'),(459,'Nicolle','Iskov'),(460,'Micki','Scase'),(461,'Merrilee','Surmeyers'),(462,'Meridel','Snalham'),(463,'Noll','Sleaford'),(464,'Law','Neame'),(465,'Paquito','Rudolf'),(466,'Elisha','Harrhy'),(467,'Thelma','Stone'),(468,'Amandy','Lowater'),(469,'Omar','Rippin'),(470,'Debee','Brownfield'),(471,'Mathilda','Wallworke'),(472,'Chrisy','Penella'),(473,'Fredrika','Schultheiss'),(474,'Charis','Vernay'),(475,'Consolata','Errett'),(476,'Tabitha','Corben'),(477,'Uri','Rocks'),(478,'Leoline','Grindlay'),(479,'Harriet','Brunotti'),(480,'Gibbie','MacIver'),(481,'Jarrid','Rochelle'),(482,'Randy','Bossom'),(483,'Niel','Kleinmann'),(484,'Michell','Jankiewicz'),(485,'Charlton','Rudgard'),(486,'Grace','Thairs'),(487,'Briny','Northfield'),(488,'Pyotr','Crain'),(489,'Collen','Moses'),(490,'Tamiko','Waterstone'),(491,'Patience','Ferreiro'),(492,'Anita','Ishaki'),(493,'Auguste','Verny'),(494,'Latrena','Soares'),(495,'Harlie','Mineghelli'),(496,'Lorine','Kobpac'),(497,'Ive','Digan'),(498,'Bunni','Trewartha'),(499,'Glennis','Shevlan'),(500,'Christalle','Madsen');
/*!40000 ALTER TABLE `aktor` ENABLE KEYS */;
UNLOCK TABLES;

--
-- Table structure for table `detail_email`
--

DROP TABLE IF EXISTS `detail_email`;
/*!40101 SET @saved_cs_client     = @@character_set_client */;
/*!50503 SET character_set_client = utf8mb4 */;
CREATE TABLE `detail_email` (
  `email` varchar(60) NOT NULL,
  `nama_lengkap` varchar(100) DEFAULT NULL,
  `password` varchar(100) DEFAULT NULL,
  PRIMARY KEY (`email`)
) ENGINE=InnoDB DEFAULT CHARSET=utf8mb4 COLLATE=utf8mb4_0900_ai_ci;
/*!40101 SET character_set_client = @saved_cs_client */;

--
-- Dumping data for table `detail_email`
--

LOCK TABLES `detail_email` WRITE;
/*!40000 ALTER TABLE `detail_email` DISABLE KEYS */;
INSERT INTO `detail_email` VALUES ('aaberdeenb7@sourceforge.net','Art Aberdeen','z6nUrEfp'),('aantosik3x@yellowpages.com','Almire Antosik','TT25Ig'),('ablazevic9r@hatena.ne.jp','Averell Blazevic','tWYouX8k'),('abrandassi6w@cornell.edu','Arlyn Brandassi','gpRt1lVmB0k'),('acamfield2a@nba.com','Aurelie Camfield','9F7ItE77b'),('acasterota2@sphinn.com','Anthiathia Casterot','rmEz0LW0'),('aclimar8p@oracle.com','Antons Climar','UqI9YZIbxvkU'),('acluderay16@surveymonkey.com','Aldric Cluderay','td7El6Wx01ge'),('acorzona4@who.int','Alis Corzon','jeCHGypyN8'),('acreeber15@newyorker.com','Arvie Creeber','XSUd4NSZFY1f'),('adabes2z@tamu.edu','Angelia Dabes','cDbFvDd'),('adouthwaite38@yale.edu','Alric Douthwaite','AcMOpG3UY'),('afallowaj@privacy.gov.au','Abeu Fallow','Ypolf7Aw00F'),('afishe60@feedburner.com','Alfred Fishe','Re2LL7owo268'),('afoote71@economist.com','Adelheid Foote','InQKAjsJwV2u'),('aforstall73@twitpic.com','Annelise Forstall','ZL1KkbU'),('agazeyc8@nhs.uk','Alyda Gazey','bjVoLOOsB8'),('agiffin1r@tumblr.com','Arny Giffin','E7swPnO3XC5n'),('agrattage28@umn.edu','Alexine Grattage','Qe7wKSpQxrI2'),('ahaste9v@wordpress.com','Atalanta Haste','MH3wBN'),('aivanishchevcf@t.co','Adria Ivanishchev','kzFXbY'),('akainesc5@businessinsider.com','Alexandra Kaines','ANkzw6ym'),('akibbe1q@purevolume.com','Augustin Kibbe','UgEiMkcEVM'),('alhommee34@phoca.cz','Allyn L\'Hommee','OMpvXnzwa2'),('amarshallsayal@plala.or.jp','Astrid Marshallsay','3ibUzFnZ'),('amegainey19@angelfire.com','Augustine Megainey','M5YWZb0l'),('amenault4v@sfgate.com','Arleen Menault','U3YrHJxYGE'),('amilsted1c@spotify.com','Averill Milsted','QrPOlct'),('amowne7g@addtoany.com','Annabell Mowne','9bxceQoH'),('apavlasek42@cmu.edu','Aylmar Pavlasek','s0DkvXi7V2s'),('aripsher7v@sciencedirect.com','Allin Ripsher','wyL0yt'),('asalzburg4q@eventbrite.com','Andi Salzburg','6y1v1ZNL'),('asnibsonz@blog.com','Alejoa Snibson','4YxkVZyg'),('atarbertf@lulu.com','Alexio Tarbert','ccXaF55aFh'),('atubritt91@amazon.de','Arch Tubritt','1R0aIPDu0lfy'),('avan59@addthis.com','Adolf Van Bruggen','YVIEel8'),('balkins2b@symantec.com','Bibi Alkins','7oBVnAK'),('barroas@indiatimes.com','Bevvy Arro','h3vpeH'),('bbigglestone6q@vinaora.com','Berni Bigglestone','RjiU6IM51'),('bbladon4k@hp.com','Barrie Bladon','yj8GTcmGj'),('bcrepinap@friendfeed.com','Burlie Crepin','205XfNyCfb'),('bfeechum8m@merriam-webster.com','Billie Feechum','i4UxCLgs'),('bgallacher9q@reverbnation.com','Ban Gallacher','dDKWXA'),('bgrazier5s@is.gd','Benedick Grazier','xp28QK'),('bikinau@dot.gov','Berget Ikin','dOTj5fRl9'),('bkilfeather2d@foxnews.com','Bogart Kilfeather','rbICXDtKo4'),('blabramb0@webmd.com','Bernette Labram','6c0viL8gXpPv'),('ble50@weibo.com','Bobette Le Hucquet','Fia6veo'),('blinfoot6n@nhs.uk','Boony Linfoot','bhY4JE'),('bmatton6e@oaic.gov.au','Britney Matton','j3TKAxbTHN'),('bminico8g@free.fr','Bentley Minico','tihNLRCrnJz'),('bminkin4n@godaddy.com','Barret Minkin','1Qsnpo8qUR'),('bneichos@deliciousdays.com','Berne Neicho','EVdgdpSFh'),('bnornableb3@washingtonpost.com','Bernardina Nornable','bInVh3ksN'),('bornells90@boston.com','Beth Ornells','eK5q0Z'),('broskell7f@themeforest.net','Brooks Roskell','W9Ly6KE0'),('bscargle3a@flavors.me','Brnaby Scargle','su5yvY5T56Nj'),('bstanyon74@pinterest.com','Benito Stanyon','hTDTt4gguP'),('bstorcke3s@nifty.com','Beverie Storcke','CzccKGtU'),('bvassanob8@uol.com.br','Bobby Vassano','LLD0Y4WZN'),('caucourte5q@adobe.com','Carleen Aucourte','HUJZP58Q'),('cbellhama8@unblog.fr','Cletus Bellham','MVP8hrcaQRg'),('cbucknall86@about.com','Cindi Bucknall','8zGJrBV'),('ccalcutt4u@1und1.de','Charmain Calcutt','Cu9XHX'),('ccamelli1v@wordpress.com','Carmelita Camelli','w1bzOG'),('ccatterallc@lulu.com','Carola Catterall','Mx2NjZJ4nOEk'),('cconeleyc9@tuttocitta.it','Caron Coneley','RhhkQj4F2E'),('ccowdreyc3@netvibes.com','Caroline Cowdrey','HSdnsnf'),('ccrosston3n@google.fr','Cathryn Crosston','quHxB5B9'),('cferran7n@nps.gov','Cross Ferran','NklHs9N'),('cfiddyment6y@php.net','Christophorus Fiddyment','H5HwnlWwa'),('cgervaise7m@qq.com','Clywd Gervaise','8QWDzZAYR'),('chardison8r@cnbc.com','Chrysler Hardison','SttzNk28'),('ciacobo5u@cnbc.com','Currey Iacobo','iKMbsRsjyhQ'),('ciddens5h@yellowbook.com','Correy Iddens','Lqan6kxbGIN'),('cinseal21@youtu.be','Charmian Inseal','imTxu8'),('ckirrens6d@intel.com','Clarence Kirrens','1dnagTnD'),('cmardle85@mail.ru','Caterina Mardle','xqydtrg'),('cmartina8o@github.com','Cirstoforo Martina','ujox5K'),('cmatous4y@vkontakte.ru','Coreen Matous','l8X4pmAo'),('cnonibn@clickbank.net','Concettina Noni','y4072f'),('covery2u@51.la','Claire Overy','IPj5huuJM'),('cperigeauxl@google.co.jp','Claybourne Perigeaux','syTMki'),('cpitcaithly2e@wiley.com','Caz Pitcaithly','IO60NpcagGOv'),('cranahan5a@last.fm','Cathie Ranahan','zsDVVc'),('crhucroft67@foxnews.com','Claudian Rhucroft','V2ucYsFVJd'),('cshortin66@goo.gl','Celeste Shortin','eGhS3jDwdZ'),('csimone9g@noaa.gov','Constancy Simone','d5XZHmqqk2cq'),('csprules6z@free.fr','Celene Sprules','mx3iMuFTk'),('ctamblyn6f@alexa.com','Cynde Tamblyn','dzie5UUmK'),('cthombleson96@sfgate.com','Clarie Thombleson','c75DFSwXLQi'),('cvana3@cdc.gov','Cozmo Van Son','LSH2sSbB'),('cvinecombe7j@paypal.com','Cissy Vinecombe','v2yvrTVa'),('dandress5g@imdb.com','Delcina Andress','abYgzL'),('dbaulcombecd@answers.com','Dyana Baulcombe','YUIDdzty'),('dbeine1i@cnn.com','Devonne Beine','Dsz0VVISB'),('dbilbie9@mail.ru','Dorothy Bilbie','zbMICkb'),('dbloxam35@google.nl','Dela Bloxam','goXZ9puT'),('dcavet44@fda.gov','Derril Cavet','CsBNEP1qh'),('dcottu6s@loc.gov','Damian Cottu','sYHRO8lBcyY'),('ddallman31@washington.edu','Dugald Dallman','4Ess459DRog'),('dfanneraw@earthlink.net','Darb Fanner','hBPNSU'),('dglozman1d@amazon.co.jp','Deane Glozman','JMQqseaA'),('djann12@nsw.gov.au','Dov Jann','ej2CXAj'),('djeannaudat@examiner.com','Deina Jeannaud','pF0XV7MbtJK'),('dklimsch89@trellian.com','Daniel Klimsch','3S9jrJ'),('dkliner8l@sogou.com','Didi Kliner','DoRdYeX'),('dkloskabl@e-recht24.de','Dom Kloska','kwRIAtsCtse5'),('dlindenbaum3z@webmd.com','Darcee Lindenbaum','GhqTkcqaTFO'),('dmaberley9w@sciencedirect.com','Demetris Maberley','nQ9bNG2'),('dmatiewe7p@theguardian.com','Dyana Matiewe','4snWqZGgDGz'),('dmccreadiece@google.co.uk','Duky McCreadie','RmFMtrJghK'),('dmcswanbi@51.la','Damian McSwan','SERaA1QW'),('dmeynell4e@sogou.com','Dorie Meynell','qBl0g1GQ'),('dpersente@cnbc.com','Dianne Persent','i4EvVu'),('dstealya0@topsy.com','Dudley Stealy','u3H835ou'),('dstrang9u@g.co','Daren Strang','hEGtiB'),('dthornebarrow1o@wikispaces.com','Dannie Thornebarrow','NY3lO9ZM'),('dveldens6o@alexa.com','Dov Veldens','yYbvL0'),('dwhitebrook52@wikipedia.org','Dayle Whitebrook','EPV5f3s3'),('dyanyshev32@home.pl','Dorthea Yanyshev','wtEvQwu'),('dzaniolettibu@wikipedia.org','Darleen Zanioletti','wIPg3xU'),('eabramovic7k@abc.net.au','Eben Abramovic','ibvB9nx3nwYc'),('ebellis94@naver.com','Eli Bellis','RYTsiyfPibE'),('ebriat1j@blogger.com','Egor Briat','xzDevf4fwx'),('ecaldronich@dmoz.org','Eustace Caldroni','vo0To0wFlzK'),('echesswas6b@flavors.me','Edee Chesswas','7PiF0wJo'),('ecouser7@dagondesign.com','Elston Couser','YcgneU9GUPgk'),('efeasey7z@sciencedaily.com','Ericka Feasey','dfKQYTtA9O03'),('egrishaninc2@usda.gov','Eldon Grishanin','sp6NiKi0CYo'),('egwyer3k@dot.gov','Emmery Gwyer','UQamrKZJ6'),('ekann5v@bravesites.com','Errol Kann','MFiHRfvsc5'),('emerrinb5@sphinn.com','Egbert Merrin','MU1Hw8Y'),('emival5p@bizjournals.com','Eadith Mival','yXgipV'),('emoisey0@reference.com','Emmalee Moisey','VOJkAY'),('enewlin4g@omniture.com','Edith Newlin','sBxG89tTEs'),('ereisenberga7@economist.com','Emma Reisenberg','ep7srCN'),('eroels27@shareasale.com','Ernesta Roels','qXtFuJF1zCV0'),('esturmanad@smugmug.com','Eugenia Sturman','9PpbCC'),('etuckwell4w@springer.com','Erasmus Tuckwell','hyfczAsRU'),('evintercg@sbwire.com','Eydie Vinter','rVuvq3v5v'),('fcaulket40@devhub.com','Fernando Caulket','aomANO'),('fcleyne9f@washington.edu','Florian Cleyne','Pxd5aGzTFR'),('fgipp7t@toplist.cz','Fernando Gipp','ycDbRN1'),('fgodsil1s@issuu.com','Free Godsil','QulKOX'),('fgreenfield4h@whitehouse.gov','Fara Greenfield','I9Hrom07Ru'),('fgrimsdale53@umn.edu','Farica Grimsdale','IVba2n'),('flutonv@latimes.com','Flori Luton','X1d9UYfYkFK'),('fmannion8z@mediafire.com','Fey Mannion','ha2DNgkukId'),('fmenis29@techcrunch.com','Friedrick Menis','XsXVfxWp'),('frudolfer3y@cdc.gov','Fidole Rudolfer','869seBNjMu'),('fstallanbv@accuweather.com','Freemon Stallan','6ftLV7W3k1O2'),('ftorrans8j@xrea.com','Falkner Torrans','4YGNP4Num6'),('gbarszczewski5y@webnode.com','Gerhardine Barszczewski','cfiTGsiWt'),('gberkelayb4@sciencedaily.com','Genny Berkelay','KjOUsY'),('gbogartag@digg.com','Georgeanna Bogart','sj6yXGks'),('gcosty6@deviantart.com','Gib Costy','XEdRyB8'),('geverleybe@washington.edu','Glynnis Everley','Vwo49mzaso'),('gfowlston33@drupal.org','Grenville Fowlston','XzNywt2mXd'),('ggartinbx@independent.co.uk','Georgianne Gartin','3pN8xvU'),('ggoldstone5j@taobao.com','Gayler Goldstone','pWvObJTBd'),('ggumb2x@comcast.net','Giralda Gumb','vBEf2Kqv'),('ggunter9a@ow.ly','Guntar Gunter','KvgULneZ'),('gjanousek9j@bloomberg.com','Giovanna Janousek','7LzkbUu1'),('gjedrzejczyk13@dailymail.co.uk','Glynis Jedrzejczyk','PF6asN'),('gkaye5t@alexa.com','Glenden Kaye','tkQWRA8'),('gkentishu@army.mil','Grete Kentish','KigtDfwwyh'),('gleppardbq@mac.com','Godfry Leppard','AwRYvHy'),('glippiatt4o@xinhuanet.com','Gordie Lippiatt','1SLLyPkdxGQ5'),('gnoon5b@studiopress.com','Guntar Noon','hZfZJ3zp9v4'),('goldacres8e@wikimedia.org','Georgi Oldacres','DbCrH0mQ'),('grainger5n@ehow.com','Gerry Rainger','jnvmURb'),('grawe64@vistaprint.com','Gnni Rawe','oNdyU5b0FL4'),('gsilly3d@fc2.com','Goldina Silly','UaX7nZNzXc'),('gstansall87@google.it','Goldy Stansall','PulkMUdWoW'),('gtapply6t@goo.ne.jp','Gearard Tapply','sOJm8i'),('gutridge1f@go.com','Galen Utridge','fOAVorQvX'),('gwornum95@vkontakte.ru','Ginnie Wornum','8AKQQtUv0'),('gzavittieri7a@wordpress.org','Garner Zavittieri','TVXwlhW2U8i'),('hbahlmann5e@typepad.com','Horace Bahlmann','1O7SlrS'),('hbedow4x@google.cn','Harlene Bedow','tTcgfneT'),('hbowlingq@360.cn','Hamel Bowling','TOTz9Wn2L'),('hbransden3i@uiuc.edu','Helyn Bransden','K9wDPqy'),('hbrosel88@youtube.com','Hilly Brosel','F4F60jT4'),('hcarous39@furl.net','Hamlen Carous','prPjqjw'),('hchidlow3t@shutterfly.com','Hyatt Chidlow','3eQrTL37X'),('hfarn4m@google.nl','Harmon Farn','y4zwYDZ'),('hfleischer3j@fema.gov','Hilliard Fleischer','tpnAgQ'),('hfraczekaf@businessinsider.com','Hedy Fraczek','xy7LW4zcNSti'),('hglazyerc6@skype.com','Henrieta Glazyer','Wyh1LSCtCm'),('hgoodredgey@ox.ac.uk','Hillard Goodredge','QRr5bwipg0c1'),('hholson9s@java.com','Hadley Holson','OKCowRJjv'),('hjobinh@icq.com','Halsey Jobin','gPxnqEPuR'),('hklimashevich2l@sitemeter.com','Hendrick Klimashevich','jUVdtS'),('hklimentov5k@ifeng.com','Hubey Klimentov','EPxvjNZ'),('hleythleyai@twitpic.com','Hermie Leythley','zlOOh48TeGjf'),('hmcgucken58@earthlink.net','Hayley McGucken','ZCoQcYaRi'),('hnorkeran@reverbnation.com','Helyn Norker','krtK9129Av'),('hpenberthya1@ihg.com','Hasheem Penberthy','pYz9cM'),('hschneidau68@sfgate.com','Homere Schneidau','bjXwkB'),('hsobieski1t@odnoklassniki.ru','Hussein Sobieski','XEgTJCd'),('hyuryev1e@usda.gov','Hubie Yuryev','j6OTpCWxcU'),('icadd8v@artisteer.com','Isa Cadd','Buqi3pkqlb'),('icardenas46@facebook.com','Itch Cardenas','zCBlHC'),('icroad82@smugmug.com','Ibby Croad','g62XiiwW'),('icuttle6m@ted.com','Isak Cuttle','FuLjKnmhW'),('ideeman9i@timesonline.co.uk','Idaline Deeman','dxoNUWw2xj'),('imatusovskyb9@slideshare.net','Izak Matusovsky','59XGqrd'),('imenatp@mac.com','Ingra Menat','31zZXrK4YlM8'),('imil9e@wunderground.com','Ivan Mil','toboUyVvVE9n'),('inance5m@craigslist.org','Iain Nance','LQaqD58'),('irobley7x@geocities.jp','Inessa Robley','8C7OfySjvZ'),('isheering7q@nyu.edu','Isador Sheering','UqIW2tJ'),('iskirvane93@lycos.com','Ingamar Skirvane','NNmpHs'),('ispraging9n@ox.ac.uk','Isiahi Spraging','rXWvdkThTg5'),('jaxelbey7y@utexas.edu','Jared Axelbey','XDhENrXS'),('jchiommienti5c@oakley.com','Jesse Chiommienti','fQkSpVJXFz1'),('jdiddams8a@theatlantic.com','Josephina Diddams','pyQLNvpjNT0'),('jdinneenbd@themeforest.net','Jamaal Dinneen','1eMQHtFpdm82'),('jdowers22@wired.com','Julio Dowers','1390dEc5'),('jfynn2s@paginegialle.it','Junina Fynn','ya0W4kHKF4'),('jgero80@ucsd.edu','Jessalyn Gero','zM2HAFsYmh'),('jgrigorushkin37@deviantart.com','Jeanna Grigorushkin','Ci8UluMZ'),('jheyball57@blogs.com','Joni Heyball','kfxczA3D'),('jkingsly17@prlog.org','Joye Kingsly','QAZHBzM'),('jmathew3w@independent.co.uk','Janos Mathew','8vFvcpP'),('jneasam4r@odnoklassniki.ru','Joyan Neasam','fRXaQxQfjL'),('joldforda6@chicagotribune.com','Janette Oldford','Dtkh346qG0z'),('jraffao@google.com','Jewelle Raff','AqX6vCcO'),('jrevington14@hc360.com','Jasmina Revington','5S6iawEHaoLm'),('jrobbings1w@surveymonkey.com','Julita Robbings','3L75fOm1Xssk'),('jrosenvasser9t@goodreads.com','Jehu Rosenvasser','JZfwlDx5QyXC'),('jrowlatt5l@dagondesign.com','Jory Rowlatt','xXPBLYL'),('jtemplarb@vimeo.com','Julita Templar','wPx9ETTj'),('jtreacher9o@gmpg.org','Jefferson Treacher','Wa0KK0I'),('jweare7r@globo.com','Julieta Weare','ch5cTC'),('kabels78@nbcnews.com','Kasey Abels','yTWlfbCfJW'),('kbattany6a@weather.com','Kendra Battany','LjcwKRC1W'),('kbilam3c@shutterfly.com','Kingsley Bilam','3sMQzkyXnkG'),('kciobutarocc@google.co.jp','Karly Ciobutaro','JtoQoDwF'),('kdollman26@intel.com','Kathie Dollman','YVhMkBbPRkm'),('kgioan7w@independent.co.uk','Kippie Gioan','hrltPpUC'),('kkear5f@prnewswire.com','Kylila Kear','rXhPDA'),('kkenderdine6i@wired.com','Kristen Kenderdine','rHbGgvaO5R'),('kmassy92@tumblr.com','Kathrine Massy','IEE781Y'),('kpenticoot2i@telegraph.co.uk','Kermit Penticoot','jKcyOMB'),('krueggm@merriam-webster.com','Kania Ruegg','q1w7ba32hG'),('kweatherup2v@slate.com','Kittie Weatherup','nI34PcOIq'),('lainsley55@furl.net','Lyell Ainsley','SdHA7OL'),('lbalshaw6g@quantcast.com','Lucius Balshaw','8hX6Vh'),('lbeardon7d@ibm.com','Lauretta Beardon','6iZwnP12v'),('lbeckitt8y@ucoz.ru','Lew Beckitt','RdWWzq'),('lbottinelli77@yale.edu','Larine Bottinelli','IUtxf6JJlwDv'),('lburkin8w@homestead.com','Lydia Burkin','yb8pieWqg8'),('lcattellion75@behance.net','Lilly Cattellion','93nRj94bRv'),('ldeasbp@webnode.com','Loydie Deas','Y7wd1Lt'),('lgoodn@sogou.com','Laina Good','9eCuxReldUw'),('lgrimsell8q@boston.com','Linda Grimsell','nu3ZZFpZ'),('ljira51@1688.com','Lilian Jira','Dx7Xx2jf9W'),('lkamiyama23@surveymonkey.com','Lynnett Kamiyama','VFyzRn'),('llipparday@google.fr','Layla Lippard','4I8mKtgH'),('llocke1n@senate.gov','Lewie Locke','U2SUTqTh'),('lmanie5r@delicious.com','Lanie Manie','aR8PY1E'),('lmarlor9c@diigo.com','Leonidas Marlor','85STo2GKXBUQ'),('lmatt5@illinois.edu','Lorry Matt','IKKm7YBUiUy5'),('lmeelandbs@wordpress.org','Lazarus Meeland','Oa6Apyz0mW'),('loakton1u@cyberchimps.com','Lazare Oakton','KwlCbJ'),('lobalbr@theguardian.com','Lynn Obal','NNMSBLnA9'),('lpriddyaz@theglobeandmail.com','Lodovico Priddy','hl135REw7M'),('lpunshon81@un.org','Loella Punshon','Z7KALWW61VKg'),('lradloff72@ft.com','Lezley Radloff','cY8woQw5C'),('lrhead79@wikia.com','Lucius Rhead','glP8C6PoE9K'),('lschimoni76@unblog.fr','Lawrence Schimoni','tIOgPfKcvN'),('lshapcott43@china.com.cn','Leda Shapcott','ans7ecRgLgUO'),('lshrimpton9x@youtube.com','Laetitia Shrimpton','2AopcORayz'),('lspensleyc4@ovh.net','Luther Spensley','rzsSXYm'),('lwinser8f@google.com.br','Lilla Winser','pxW37XVQ6'),('lyarnton2k@facebook.com','Laughton Yarnton','JdXfm9'),('lyedall8s@cbslocal.com','Lazare Yedall','gKwhd7c'),('mbiaggetti2n@alexa.com','Mattie Biaggetti','Kxry8LqwzMM'),('mbigrigg3r@networkadvertising.org','Minna Bigrigg','MlgiH5'),('mblacklaweav@facebook.com','Mufinella Blacklawe','HBIu7dT'),('mbrisse3h@jigsy.com','Margaretha Brisse','n144w5BCVSh'),('mbursell1g@globo.com','Murvyn Bursell','T7gNkv0'),('mceaplen1h@nifty.com','Millicent Ceaplen','Qp1yFMr4JbR'),('mchambers2q@answers.com','Minnnie Chambers','cRNAUhjaw'),('mcharlewood2o@discuz.net','Moe Charlewood','SgWQVcwJVawB'),('mcholwell70@youtu.be','Malcolm Cholwell','RFw9cQd3954'),('mchrstine1p@columbia.edu','Mitch Chrstine','mSe7M3hgaq6I'),('mcobbled6j@bbc.co.uk','Miranda Cobbled','5d9hDc8'),('mde2p@woothemes.com','Marchelle de Guerre','HAk733'),('mdesouzac0@go.com','Margalo Desouza','03OKQyWynEj'),('mdoughton30@omniture.com','Mareah Doughton','QFKzNq'),('mduckerin2y@ihg.com','Mozes Duckerin','vgObWF'),('mdudman4a@oakley.com','Morgan Dudman','VTYwjjN'),('mdunster2r@printfriendly.com','Mignon Dunster','rAkvecRuK1'),('mdurnilla9@php.net','May Durnill','F7cVW2r1hJ'),('mfacher3f@stanford.edu','Maximo Facher','gzBcGlLI4Am1'),('mgerritzen1a@biglobe.ne.jp','Marylin Gerritzen','qx0BhZXEI'),('mjarmanbg@artisteer.com','Max Jarman','6u8KAiFG'),('mkeeleya@tumblr.com','Matias Keeley','grc3zWPn67'),('mkillik8n@sbwire.com','Marabel Killik','cnfs43hXNT'),('mledgeway9h@altervista.org','Marja Ledgeway','9MvwzpiC'),('mleverich63@mashable.com','Malissia Leverich','bmKiFkCTSw8'),('mlucockbk@twitter.com','Marlo Lucock','tbIICiAebaA'),('mmosby1b@t-online.de','Maudie Mosby','rvbYODVDI6'),('morrell9d@alibaba.com','Maurine Orrell','tnJFpFT3'),('mprobert8d@uol.com.br','Micaela Probert','Qu5Dxd'),('mrenodenc7@twitpic.com','Missie Renoden','UlK14Vo'),('mseadonbm@google.nl','Morgan Seadon','99nXagd'),('mtisor4@dailymail.co.uk','Milka Tisor','6KLlEoY'),('mtrevorrow84@ted.com','Mort Trevorrow','1tl61ja8'),('mtuffley7b@w3.org','Micky Tuffley','0hOHRRwC5SC'),('mwillman4j@ucsd.edu','Molli Willman','w8St2yVtkKq'),('mwindybankg@arizona.edu','Myrtice Windybank','odvxoV'),('naird8i@cnet.com','Neron Aird','jJqXl7cprAjy'),('ndi36@themeforest.net','Natty Di Maggio','dArSVf'),('ndoeg99@skyrock.com','Nina Doeg','T7Sc4Q'),('ndoohey6p@howstuffworks.com','Nedda Doohey','9TOm8K2SW'),('ndymond2j@photobucket.com','Nikolaos Dymond','bvSYoI7'),('nelsip98@java.com','Nerte Elsip','gDLT2AM'),('ngerhardtab@mediafire.com','Noelle Gerhardt','aL9BrYL'),('noggers7o@blinklist.com','Nelia Oggers','fzIeB7nLk'),('nsokill4b@biblegateway.com','Nikolaos Sokill','Nf6pnipGPS'),('nsowersbyam@oracle.com','Nike Sowersby','kFjmMr'),('nupfold6l@feedburner.com','Nikolos Upfold','AkDDOQ'),('obartrapi@wp.com','Osgood Bartrap','FN9hMo'),('ogrealy9b@alexa.com','Ophelie Grealy','DICXnNOBwcd'),('oshillum49@aol.com','Onida Shillum','T4XSlsGHcG'),('owyrill7l@merriam-webster.com','Opal Wyrill','jseLcVrUj6'),('oyearsley6r@blogs.com','Ortensia Yearsley','Pt9BL0'),('oyellowleeba@ted.com','Omar Yellowlee','v9u01akRn8AC'),('pberrisford4z@mysql.com','Payton Berrisford','SYZkgf6N'),('pcarbery2h@hexun.com','Peter Carbery','sZKTiUaYiU5'),('pclaffeyc1@nhs.uk','Peggie Claffey','JMXS3H3'),('pcristofaribh@mapquest.com','Peri Cristofari','alkS8T'),('pdrayson4f@spiegel.de','Paige Drayson','ec7i6R'),('pduncan5x@webs.com','Piggy Duncan','lcfc4vG'),('pebbittb6@yale.edu','Pansie Ebbitt','NUSqcs'),('phazlegrove20@xinhuanet.com','Paten Hazlegrove','ibxoTcoLQ3'),('phowood9l@examiner.com','Paten Howood','Aktu2i53nyef'),('pjoncic3g@edublogs.org','Payton Joncic','cVidIDy'),('pkennewayb2@ucoz.ru','Poppy Kenneway','orRYOWQPb5'),('plaight7h@dedecms.com','Phip Laight','1qo2Pl9'),('posheilds6u@discovery.com','Patin O\'Sheilds','d4G6IBX'),('qhalladey4s@goo.ne.jp','Quinton Halladey','7gMa94hZA68'),('radame2g@indiegogo.com','Rebe Adame','QKMrJeh'),('rbeardsall1y@engadget.com','Rosmunda Beardsall','Uu1URd2OeSP4'),('rbigriggbt@desdev.cn','Roscoe Bigrigg','cuAFiLB1bm'),('rblackmuir9y@statcounter.com','Rhetta Blackmuir','wdF7ZB'),('rboyall1z@spiegel.de','Ryon Boyall','6LNm0E19ZNh'),('rcockayme5z@businesswire.com','Rosco Cockayme','bEcDGlCFZYO'),('rcockerton2@tripod.com','Rozalin Cockerton','bmXIYwoHJ'),('rearthfieldr@bloglines.com','Ralph Earthfield','osyPkO'),('remburey6h@geocities.jp','Rozelle Emburey','kiDaXm13eNK'),('rfawson3o@examiner.com','Raoul Fawson','ZJ5ki3pY'),('rhatherall54@time.com','Rusty Hatherall','QktD7I'),('rhaxell3u@aol.com','Roland Haxell','hrlRLa42AmnU'),('rkhadirt@businessinsider.com','Ranice Khadir','NMSwFdt6'),('rkilleen45@qq.com','Reginauld Killeen','SOaWv6SYjJ2'),('rlackey8h@usgs.gov','Rose Lackey','bzvv7e7'),('rlountaq@icio.us','Reina Lount','tjvR7bTEm'),('rlusheybj@networksolutions.com','Ryan Lushey','gRx4IABIxLsq'),('rmartignoni6k@dell.com','Rafael Martignoni','BHAhHOt'),('rmckombca@ed.gov','Roarke McKomb','pES6h1W28'),('rmitkin41@reuters.com','Rochella Mitkin','KxwvspQnc499'),('rphateplace7e@baidu.com','Roby Phateplace','UmZxFMcoP1k'),('rplott9k@princeton.edu','Rennie Plott','7qSAoMs6PFu'),('rscandroot8x@sphinn.com','Randa Scandroot','cpcDwTm7E'),('rsommerton3m@howstuffworks.com','Rene Sommerton','F5HDcoGE'),('rstormes8c@symantec.com','Rube Stormes','PQVcRrcbcP'),('rsudworth3@e-recht24.de','Rees Sudworth','pzZ7D4p'),('rtarverak@washington.edu','Rosabelle Tarver','KQwI28MDF1s'),('rtimsonbc@time.com','Raquela Timson','CGaqf6Tznb7'),('rtresvinabf@ucla.edu','Randa Tresvina','tsc9M2GX'),('rwhisson2t@furl.net','Renata Whisson','bIjkI3'),('sadams97@twitter.com','Susannah Adams','i0YA3hewAcT'),('sbartaletti9m@histats.com','Shawn Bartaletti','0FOOxWdjxtJ'),('sbottrill8@sciencedirect.com','Shep Bottrill','lnsGlAtcA6'),('sdullard6v@bbc.co.uk','Stevana Dullard','JGRYFtA'),('sfifield1m@bravesites.com','Skelly Fifield','j5tF3BCuYoX'),('sfinding4c@cafepress.com','Susy Finding','wWI5ZxvbPP8'),('sgregorace11@wikimedia.org','Steve Gregorace','5XOP5YRjIyP'),('sgrinham4d@ucoz.com','Sanderson Grinham','gH0T5q'),('shaggathah@ftc.gov','Saloma Haggath','Xwx6Ng6Ujy'),('shillyattbz@seattletimes.com','Sonni Hillyatt','jsJl8DQUstxT'),('shugle4i@gravatar.com','Sisile Hugle','tcNnIzHihzR'),('shymer5d@exblog.jp','Sioux Hymer','MSthZRpE8'),('skebbell24@yale.edu','Susan Kebbell','ykWGHImbz4Qh'),('skelingebb@1688.com','Shawn Kelinge','bQowe4K4wZ'),('smarkovic7i@webmd.com','Stefania Markovic','RGbDQG'),('speto3l@clickbank.net','Shermy Peto','1hnOEAK'),('spiperleycb@tiny.cc','Sandy Piperley','jnFnUZfN'),('sshann3b@fc2.com','Sophi Shann','VXJihIzQ'),('ssussexac@tinypic.com','Suellen Sussex','NeIs3DJZFm1J'),('ssynnot6x@npr.org','Shana Synnot','253K7bllm7'),('swinterbottomae@google.com.br','Skippie Winterbottom','p6XYh0'),('syouel5w@live.com','Sandie Youel','1PcBSGezXc'),('szoren8b@earthlink.net','Shamus Zoren','v4RxCmy'),('tbridywater2w@gov.uk','Thalia Bridywater','rGoMRls3ZKRU'),('tcanedo1x@berkeley.edu','Tybi Canedo','ZOOjXPR'),('tcurriej@livejournal.com','Tandy Currie','29hd8NMevDdS'),('tde83@amazon.com','Theo De Bernardi','SY8cVqtMeay'),('tdykesx@howstuffworks.com','Tierney Dykes','0fHNqX'),('tfellos47@facebook.com','Tristan Fellos','PAFbXW'),('thadleigh7u@tripadvisor.com','Tatiana Hadleigh','QAHfxag1He'),('thanveyw@cnbc.com','Tobiah Hanvey','wJ6UTZVu'),('theynsbw@usa.gov','Thomasa Heyns','kUdKal'),('tjurkowski3v@cpanel.net','Tuesday Jurkowski','hOoBwfXuSF'),('tlesor8t@live.com','Teirtza Lesor','ADNcb46B'),('tlydiatt1@surveymonkey.com','Torrin Lydiatt','R1dPKQHsd'),('tmorson1l@cbc.ca','Tine Morson','9C13ZCEkhfC'),('tpfeffle4p@miibeian.gov.cn','Trudy Pfeffle','G8YfoNS6'),('trayment4l@umn.edu','Timmi Rayment','QV43QC1Geh'),('tschildar@typepad.com','Tabby Schild','3VvgWxmXGgbx'),('tsheirlaw5o@ustream.tv','Thibaut Sheirlaw','nTJVee5nC'),('tsommerland48@liveinternet.ru','Timmie Sommerland','wjpKpEo1in7'),('ttooley3p@purevolume.com','Timmie Tooley','BGSwsuXf'),('ttremblayd@dot.gov','Tomasina Tremblay','NTQfs9'),('tvigietti25@dropbox.com','Tommie Vigietti','a8GXdEp'),('twearing6c@techcrunch.com','Trix Wearing','Jl36IU'),('ukildahl7c@mediafire.com','Upton Kildahl','Wvwdq5l'),('uloukesk@netlog.com','Uriah Loukes','IGujViu'),('vdaintith56@ezinearticles.com','Virgilio Daintith','lcXaUlUOX'),('vhubertax@indiatimes.com','Vida Hubert','yYeWIL77'),('vigglesden10@economist.com','Vinson Igglesden','yeMucH'),('vklimsch9z@acquirethisname.com','Valentia Klimsch','o795BB'),('vlandrethby@prnewswire.com','Vina Landreth','gPkzzz2R'),('vmattonb1@msn.com','Verney Matton','Awp8b9h'),('vpuviaa5@nydailynews.com','Vanny Puvia','6Ped7FrIWV'),('vrohlfing62@cdc.gov','Vannie Rohlfing','fE5KKRG'),('vyglesia69@mapquest.com','Veriee Yglesia','csLOXkUlJTm'),('wbaurerich8k@xing.com','Wilfrid Baurerich','BSBTO6trs'),('wcoxall3q@alexa.com','Weider Coxall','GJgUnEE6'),('wdemsey4t@eepurl.com','Ware Demsey','sejTjbcIoNt4'),('wdivers2m@ycombinator.com','Westleigh Divers','5vNaCcbHossb'),('wgilstoun3e@marriott.com','Welby Gilstoun','wNjVk9a'),('wgirardot1k@wix.com','Waldon Girardot','3F3DiHOzyLf'),('wjouhandeau61@hhs.gov','Walther Jouhandeau','uOFhfPI1bGFH'),('wjuszkiewiczaa@auda.org.au','Wallache Juszkiewicz','s7rVik'),('wlantiff65@1688.com','Wiley Lantiff','zbe8jsUR'),('wmeugenso@so-net.ne.jp','Wally Meugens','ZyxcKWobcOB'),('wsutch2c@accuweather.com','Waite Sutch','6Un09u6z37'),('wsycamore7s@thetimes.co.uk','Whitman Sycamore','wGl61Sg7vASi'),('xaimer2f@disqus.com','Ximenez Aimer','HUHUqortpI'),('yroseblade9p@1688.com','Ysabel Roseblade','7VVJmmq'),('ywickham5i@answers.com','Ysabel Wickham','JuoPtp9kmsB'),('zdrennan8u@webmd.com','Zena Drennan','wgq1PjQGHWO'),('zgrouenbo@npr.org','Zaccaria Grouen','AE7TvOiR6QD4'),('zgrut18@springer.com','Zonnya Grut','AJ9J9y');
/*!40000 ALTER TABLE `detail_email` ENABLE KEYS */;
UNLOCK TABLES;

--
-- Table structure for table `detail_kartu`
--

DROP TABLE IF EXISTS `detail_kartu`;
/*!40101 SET @saved_cs_client     = @@character_set_client */;
/*!50503 SET character_set_client = utf8mb4 */;
CREATE TABLE `detail_kartu` (
  `no_kartu` varchar(10) NOT NULL,
  `jenis_kartu` varchar(45) NOT NULL,
  `kode_keamanan` int DEFAULT NULL,
  `nama_depan` varchar(45) DEFAULT NULL,
  `nama_belakang` varchar(45) DEFAULT NULL,
  `tanggal_berakhir` date DEFAULT NULL,
  PRIMARY KEY (`no_kartu`,`jenis_kartu`),
  KEY `fk_pembayarankk_jenis_kartu` (`jenis_kartu`),
  KEY `fk_pembayarankk_no_kartu` (`no_kartu`)
) ENGINE=InnoDB DEFAULT CHARSET=utf8mb4 COLLATE=utf8mb4_0900_ai_ci;
/*!40101 SET character_set_client = @saved_cs_client */;

--
-- Dumping data for table `detail_kartu`
--

LOCK TABLES `detail_kartu` WRITE;
/*!40000 ALTER TABLE `detail_kartu` DISABLE KEYS */;
INSERT INTO `detail_kartu` VALUES ('1001008814','american_express',306,'Cathryn','Crosston','2024-12-02'),('1022453040','visa',144,'Tommie','Vigietti','2026-05-25'),('1057235496','visa',505,'Molli','Willman','2026-08-04'),('1093920856','visa',814,'Tomasina','Tremblay','2024-11-06'),('1140289297','visa',823,'Nikolos','Upfold','2026-02-14'),('1163902045','visa',167,'Reginauld','Killeen','2023-10-03'),('1175542130','visa',627,'Barret','Minkin','2023-09-16'),('1176534362','mastercard',446,'Bobette','Le','2025-02-13'),('1380770482','mastercard',874,'Veriee','Yglesia','2025-07-31'),('1386687306','mastercard',982,'Stevana','Dullard','2025-04-14'),('1438492359','visa',989,'Currey','Iacobo','2025-04-26'),('1502826136','american_express',269,'Charmain','Calcutt','2024-11-22'),('1508329956','american_express',638,'Margaretha','Brisse','2026-09-01'),('1633428780','american_express',865,'Dayle','Whitebrook','2026-02-03'),('1854241215','visa',511,'Dugald','Dallman','2025-09-24'),('1864467838','american_express',246,'Barrie','Bladon','2026-01-02'),('1915458964','american_express',251,'Vannie','Rohlfing','2025-06-26'),('1938100963','american_express',987,'Sioux','Hymer','2025-10-10'),('1940796902','mastercard',318,'Walther','Jouhandeau','2024-01-09'),('2003305982','visa',739,'Ware','Demsey','2026-07-03'),('2069632986','american_express',697,'Lilian','Jira','2023-08-25'),('2074286182','mastercard',973,'Homere','Schneidau','2026-03-09'),('2093703425','mastercard',647,'Nedda','Doohey','2023-12-20'),('2186472886','american_express',951,'Miranda','Cobbled','2025-02-14'),('2255359818','american_express',115,'Ortensia','Yearsley','2024-02-13'),('2300357282','visa',185,'Ranice','Khadir','2026-07-06'),('2305148700','american_express',790,'Dov','Veldens','2026-03-26'),('2312802875','visa',108,'Harmon','Farn','2024-12-10'),('2329322948','mastercard',486,'Carleen','Aucourte','2026-07-03'),('2391415265','visa',582,'Gib','Costy','2026-01-16'),('2434174020','mastercard',211,'Charmian','Inseal','2025-12-26'),('2565268756','visa',735,'Iain','Nance','2024-11-12'),('2588105710','visa',581,'Harlene','Bedow','2024-12-10'),('2726808633','mastercard',392,'Maudie','Mosby','2023-04-19'),('2728453421','american_express',590,'Jeanna','Grigorushkin','2025-12-09'),('2847428816','mastercard',800,'Patin','O\'Sheilds','2026-10-04'),('2874696338','american_express',281,'Jesse','Chiommienti','2023-09-21'),('2884754118','visa',876,'Galen','Utridge','2025-06-07'),('2949237523','american_express',548,'Berni','Bigglestone','2026-10-13'),('2953989492','american_express',994,'Fara','Greenfield','2025-09-27'),('2960063961','mastercard',486,'Nikolaos','Sokill','2026-01-21'),('2976369885','american_express',813,'Erasmus','Tuckwell','2024-01-06'),('2983890863','american_express',986,'Janos','Mathew','2025-08-12'),('3010718858','visa',745,'Farica','Grimsdale','2026-03-21'),('3136506109','american_express',978,'Guntar','Noon','2023-08-02'),('3138536061','visa',440,'Rusty','Hatherall','2025-10-29'),('3300870804','american_express',580,'Westleigh','Divers','2025-03-12'),('3337277311','visa',157,'Boony','Linfoot','2023-09-10'),('3354290450','visa',587,'Timmie','Tooley','2026-05-18'),('3447896879','visa',135,'Delcina','Andress','2023-12-14'),('3487918687','visa',896,'Onida','Shillum','2025-01-28'),('3563789616','american_express',776,'Rozalin','Cockerton','2026-10-24'),('3653490879','visa',872,'Paige','Drayson','2025-12-12'),('3663975528','american_express',241,'Laughton','Yarnton','2025-04-20'),('3727156932','mastercard',177,'Errol','Kann','2026-01-31'),('3762568336','mastercard',763,'Gayler','Goldstone','2024-03-14'),('3900084670','visa',660,'Malissia','Leverich','2025-10-16'),('3900658262','visa',481,'Alric','Douthwaite','2024-02-27'),('3932176323','american_express',300,'Joye','Kingsly','2026-11-13'),('4046993177','mastercard',645,'Rosmunda','Beardsall','2024-11-18'),('4102102528','american_express',153,'Weider','Coxall','2026-01-07'),('4170099333','american_express',167,'Susy','Finding','2023-04-28'),('4240126362','visa',547,'Timmie','Sommerland','2025-04-13'),('4307623198','visa',207,'Jory','Rowlatt','2026-01-02'),('4356173288','american_express',510,'Eadith','Mival','2026-07-28'),('4557349361','american_express',836,'Joni','Heyball','2025-01-07'),('4590039921','visa',801,'Kathie','Dollman','2023-05-23'),('4595553495','american_express',407,'Lorry','Matt','2025-04-02'),('4684255455','visa',258,'Mareah','Doughton','2023-01-29'),('4788040087','american_express',858,'Hayley','McGucken','2026-09-25'),('4792843791','visa',332,'Payton','Berrisford','2023-11-04'),('4853851068','visa',591,'Isak','Cuttle','2024-03-30'),('4886763225','mastercard',737,'Edee','Chesswas','2026-05-22'),('4903663854','american_express',166,'Tristan','Fellos','2025-05-12'),('4928113750','mastercard',638,'Welby','Gilstoun','2025-08-12'),('5009144534','mastercard',991,'Lynnett','Kamiyama','2023-09-14'),('5051028083','visa',402,'Ysabel','Wickham','2023-05-26'),('5072710963','american_express',905,'Sisile','Hugle','2024-06-20'),('5122888880','american_express',227,'Alfred','Fishe','2026-03-06'),('5126955129','mastercard',453,'Coreen','Matous','2023-07-31'),('5169661946','mastercard',740,'Gerhardine','Barszczewski','2022-12-12'),('5583502381','visa',249,'Raoul','Fawson','2023-08-16'),('5661926532','american_express',312,'Rozelle','Emburey','2023-10-07'),('5690513610','mastercard',296,'Bibi','Alkins','2024-02-05'),('5738869747','visa',805,'Free','Godsil','2023-05-16'),('5925334001','mastercard',524,'Morgan','Dudman','2024-02-13'),('6083895715','visa',583,'Bogart','Kilfeather','2024-08-13'),('6206697543','visa',975,'Almire','Antosik','2025-05-02'),('6251995032','american_express',185,'Julio','Dowers','2026-03-15'),('6349574139','visa',987,'Horace','Bahlmann','2026-02-18'),('6381294917','american_express',763,'Sanderson','Grinham','2024-05-19'),('6392709067','mastercard',110,'Gerry','Rainger','2026-11-04'),('6703485064','visa',353,'Glenden','Kaye','2025-09-05'),('6771015779','mastercard',322,'Correy','Iddens','2022-11-10'),('6775852068','mastercard',709,'Hendrick','Klimashevich','2023-07-02'),('6826162050','mastercard',822,'Claudian','Rhucroft','2024-02-27'),('6929708847','mastercard',958,'Gordie','Lippiatt','2023-11-10'),('6939906687','visa',797,'Wiley','Lantiff','2024-03-31'),('7029275879','mastercard',799,'Cynde','Tamblyn','2025-02-13'),('7050069860','mastercard',412,'Maximo','Facher','2026-02-01'),('7123128545','mastercard',280,'Trudy','Pfeffle','2023-02-05'),('7207863393','mastercard',140,'Berne','Neicho','2024-03-06'),('7225403564','american_express',278,'Arleen','Menault','2022-11-16'),('7255434663','visa',866,'Julita','Robbings','2026-11-15'),('7277899428','visa',111,'Goldina','Silly','2024-04-30'),('7384996796','american_express',145,'Joyan','Neasam','2024-12-12'),('7407276590','mastercard',893,'Rosco','Cockayme','2024-05-21'),('7435825693','american_express',222,'Andi','Salzburg','2024-10-28'),('7462830611','american_express',626,'Itch','Cardenas','2025-08-20'),('7475502148','american_express',774,'Edith','Newlin','2023-12-24'),('7516863513','visa',299,'Britney','Matton','2026-10-12'),('7600008623','american_express',434,'Kendra','Battany','2023-01-22'),('7690825123','visa',816,'Trix','Wearing','2023-01-24'),('7732322840','mastercard',667,'Kylila','Kear','2023-12-02'),('7972234408','visa',965,'Adolf','Van','2025-12-26'),('8035073976','mastercard',963,'Gnni','Rawe','2026-08-31'),('8490001285','american_express',330,'Timmi','Rayment','2024-01-08'),('8510960667','american_express',877,'Renata','Whisson','2026-02-16'),('8579478943','mastercard',830,'Tybi','Canedo','2023-02-09'),('8733786459','american_express',612,'Grenville','Fowlston','2025-04-19'),('8750110961','visa',559,'Dorie','Meynell','2025-06-15'),('8788102936','mastercard',970,'Uriah','Loukes','2026-03-07'),('8823890920','mastercard',900,'Virgilio','Daintith','2023-09-11'),('8850892023','visa',209,'Clarence','Kirrens','2025-03-07'),('8885057692','visa',749,'Friedrick','Menis','2024-12-12'),('8997571229','visa',374,'Lucius','Balshaw','2023-09-02'),('9015137487','american_express',221,'Beverie','Storcke','2025-09-03'),('9022341205','visa',314,'Quinton','Halladey','2023-03-05'),('9033323954','visa',531,'Benedick','Grazier','2026-01-26'),('9068937139','visa',728,'Hubey','Klimentov','2025-01-14'),('9140176138','visa',400,'Celeste','Shortin','2026-02-13'),('9187272378','mastercard',731,'Elston','Couser','2025-02-18'),('9245189914','visa',412,'Cathie','Ranahan','2025-01-26'),('9302726264','visa',426,'Thibaut','Sheirlaw','2023-05-14'),('9306614328','american_express',664,'Piggy','Duncan','2026-07-23'),('9391560439','mastercard',797,'Kristen','Kenderdine','2025-08-26'),('9465297146','mastercard',658,'Flori','Luton','2026-10-20'),('9580751644','mastercard',496,'Lanie','Manie','2025-07-15'),('9583568400','mastercard',346,'Derril','Cavet','2023-05-05'),('9611403044','visa',914,'Kania','Ruegg','2023-11-07'),('9636885732','visa',710,'Damian','Cottu','2023-02-26'),('9677975131','visa',880,'Tierney','Dykes','2025-01-17'),('9742284411','visa',451,'Sandie','Youel','2023-07-25'),('9825505444','mastercard',934,'Skelly','Fifield','2026-05-18'),('9827577374','mastercard',207,'Gearard','Tapply','2024-10-17'),('9838114243','american_express',504,'Rafael','Martignoni','2023-01-15'),('9849061464','mastercard',571,'Arvie','Creeber','2023-03-23'),('9913454986','mastercard',116,'Lyell','Ainsley','2025-11-20'),('9927236491','american_express',702,'Dela','Bloxam','2025-01-22'),('9929542793','american_express',399,'Averill','Milsted','2023-02-19');
/*!40000 ALTER TABLE `detail_kartu` ENABLE KEYS */;
UNLOCK TABLES;

--
-- Table structure for table `detail_paket`
--

DROP TABLE IF EXISTS `detail_paket`;
/*!40101 SET @saved_cs_client     = @@character_set_client */;
/*!50503 SET character_set_client = utf8mb4 */;
CREATE TABLE `detail_paket` (
  `jenis_paket` varchar(15) NOT NULL,
  `jumlah_pembayaran` int DEFAULT NULL,
  `harga` int DEFAULT NULL,
  PRIMARY KEY (`jenis_paket`)
) ENGINE=InnoDB DEFAULT CHARSET=utf8mb4 COLLATE=utf8mb4_0900_ai_ci;
/*!40101 SET character_set_client = @saved_cs_client */;

--
-- Dumping data for table `detail_paket`
--

LOCK TABLES `detail_paket` WRITE;
/*!40000 ALTER TABLE `detail_paket` DISABLE KEYS */;
INSERT INTO `detail_paket` VALUES ('basic',120000,106800),('mobile',54000,48060),('premium',186000,165540),('standard',153000,136170);
/*!40000 ALTER TABLE `detail_paket` ENABLE KEYS */;
UNLOCK TABLES;

--
-- Table structure for table `detail_tanggal`
--

DROP TABLE IF EXISTS `detail_tanggal`;
/*!40101 SET @saved_cs_client     = @@character_set_client */;
/*!50503 SET character_set_client = utf8mb4 */;
CREATE TABLE `detail_tanggal` (
  `tanggal_pembayaran` date NOT NULL,
  `tanggal_mulai` date DEFAULT NULL,
  `tanggal_selesai` date DEFAULT NULL,
  PRIMARY KEY (`tanggal_pembayaran`)
) ENGINE=InnoDB DEFAULT CHARSET=utf8mb4 COLLATE=utf8mb4_0900_ai_ci;
/*!40101 SET character_set_client = @saved_cs_client */;

--
-- Dumping data for table `detail_tanggal`
--

LOCK TABLES `detail_tanggal` WRITE;
/*!40000 ALTER TABLE `detail_tanggal` DISABLE KEYS */;
INSERT INTO `detail_tanggal` VALUES ('2021-01-01','2021-01-01','2021-02-01'),('2021-01-02','2021-01-02','2021-02-02'),('2021-01-03','2021-01-03','2021-02-03'),('2021-01-04','2021-01-04','2021-02-04'),('2021-01-05','2021-01-05','2021-02-05'),('2021-01-06','2021-01-06','2021-02-06'),('2021-01-07','2021-01-07','2021-02-07'),('2021-01-08','2021-01-08','2021-02-08'),('2021-01-09','2021-01-09','2021-02-09'),('2021-01-10','2021-01-10','2021-02-10'),('2021-01-11','2021-01-11','2021-02-11'),('2021-01-12','2021-01-12','2021-02-12'),('2021-01-13','2021-01-13','2021-02-13'),('2021-01-14','2021-01-14','2021-02-14'),('2021-01-15','2021-01-15','2021-02-15'),('2021-01-16','2021-01-16','2021-02-16'),('2021-01-17','2021-01-17','2021-02-17'),('2021-01-18','2021-01-18','2021-02-18'),('2021-01-19','2021-01-19','2021-02-19'),('2021-01-20','2021-01-20','2021-02-20'),('2021-01-21','2021-01-21','2021-02-21'),('2021-01-22','2021-01-22','2021-02-22'),('2021-01-23','2021-01-23','2021-02-23'),('2021-01-24','2021-01-24','2021-02-24'),('2021-01-25','2021-01-25','2021-02-25'),('2021-01-26','2021-01-26','2021-02-26'),('2021-01-27','2021-01-27','2021-02-27'),('2021-01-28','2021-01-28','2021-02-28'),('2021-01-29','2021-01-29','2021-03-01'),('2021-01-30','2021-01-30','2021-03-02'),('2021-01-31','2021-01-31','2021-03-03'),('2021-02-01','2021-02-01','2021-03-04'),('2021-02-02','2021-02-02','2021-03-05'),('2021-02-03','2021-02-03','2021-03-06'),('2021-02-04','2021-02-04','2021-03-07'),('2021-02-05','2021-02-05','2021-03-08'),('2021-02-06','2021-02-06','2021-03-09'),('2021-02-07','2021-02-07','2021-03-10'),('2021-02-08','2021-02-08','2021-03-11'),('2021-02-09','2021-02-09','2021-03-12'),('2021-02-10','2021-02-10','2021-03-13'),('2021-02-11','2021-02-11','2021-03-14'),('2021-02-12','2021-02-12','2021-03-15'),('2021-02-13','2021-02-13','2021-03-16'),('2021-02-14','2021-02-14','2021-03-17'),('2021-02-15','2021-02-15','2021-03-18'),('2021-02-16','2021-02-16','2021-03-19'),('2021-02-17','2021-02-17','2021-03-20'),('2021-02-18','2021-02-18','2021-03-21'),('2021-02-19','2021-02-19','2021-03-22'),('2021-02-20','2021-02-20','2021-03-23'),('2021-02-21','2021-02-21','2021-03-24'),('2021-02-22','2021-02-22','2021-03-25'),('2021-02-23','2021-02-23','2021-03-26'),('2021-02-24','2021-02-24','2021-03-27'),('2021-02-25','2021-02-25','2021-03-28'),('2021-02-26','2021-02-26','2021-03-29'),('2021-02-27','2021-02-27','2021-03-30'),('2021-02-28','2021-02-28','2021-03-31'),('2021-03-01','2021-03-01','2021-04-01'),('2021-03-02','2021-03-02','2021-04-02'),('2021-03-03','2021-03-03','2021-04-03'),('2021-03-04','2021-03-04','2021-04-04'),('2021-03-05','2021-03-05','2021-04-05'),('2021-03-06','2021-03-06','2021-04-06'),('2021-03-07','2021-03-07','2021-04-07'),('2021-03-08','2021-03-08','2021-04-08'),('2021-03-09','2021-03-09','2021-04-09'),('2021-03-10','2021-03-10','2021-04-10'),('2021-03-11','2021-03-11','2021-04-11'),('2021-03-12','2021-03-12','2021-04-12'),('2021-03-13','2021-03-13','2021-04-13'),('2021-03-14','2021-03-14','2021-04-14'),('2021-03-15','2021-03-15','2021-04-15'),('2021-03-16','2021-03-16','2021-04-16'),('2021-03-17','2021-03-17','2021-04-17'),('2021-03-18','2021-03-18','2021-04-18'),('2021-03-19','2021-03-19','2021-04-19'),('2021-03-20','2021-03-20','2021-04-20'),('2021-03-21','2021-03-21','2021-04-21'),('2021-03-22','2021-03-22','2021-04-22'),('2021-03-23','2021-03-23','2021-04-23'),('2021-03-24','2021-03-24','2021-04-24'),('2021-03-25','2021-03-25','2021-04-25'),('2021-03-26','2021-03-26','2021-04-26'),('2021-03-27','2021-03-27','2021-04-27'),('2021-03-28','2021-03-28','2021-04-28'),('2021-03-29','2021-03-29','2021-04-29'),('2021-03-30','2021-03-30','2021-04-30'),('2021-03-31','2021-03-31','2021-05-01'),('2021-04-01','2021-04-01','2021-05-02'),('2021-04-02','2021-04-02','2021-05-03'),('2021-04-03','2021-04-03','2021-05-04'),('2021-04-04','2021-04-04','2021-05-05'),('2021-04-05','2021-04-05','2021-05-06'),('2021-04-06','2021-04-06','2021-05-07'),('2021-04-07','2021-04-07','2021-05-08'),('2021-04-08','2021-04-08','2021-05-09'),('2021-04-09','2021-04-09','2021-05-10'),('2021-04-10','2021-04-10','2021-05-11'),('2021-04-11','2021-04-11','2021-05-12'),('2021-04-12','2021-04-12','2021-05-13'),('2021-04-13','2021-04-13','2021-05-14'),('2021-04-14','2021-04-14','2021-05-15'),('2021-04-15','2021-04-15','2021-05-16'),('2021-04-16','2021-04-16','2021-05-17'),('2021-04-17','2021-04-17','2021-05-18'),('2021-04-18','2021-04-18','2021-05-19'),('2021-04-19','2021-04-19','2021-05-20'),('2021-04-20','2021-04-20','2021-05-21'),('2021-04-21','2021-04-21','2021-05-22'),('2021-04-22','2021-04-22','2021-05-23'),('2021-04-23','2021-04-23','2021-05-24'),('2021-04-24','2021-04-24','2021-05-25'),('2021-04-25','2021-04-25','2021-05-26'),('2021-04-26','2021-04-26','2021-05-27'),('2021-04-27','2021-04-27','2021-05-28'),('2021-04-28','2021-04-28','2021-05-29'),('2021-04-29','2021-04-29','2021-05-30'),('2021-04-30','2021-04-30','2021-05-31'),('2021-05-01','2021-05-01','2021-06-01'),('2021-05-02','2021-05-02','2021-06-02'),('2021-05-03','2021-05-03','2021-06-03'),('2021-05-04','2021-05-04','2021-06-04'),('2021-05-05','2021-05-05','2021-06-05'),('2021-05-06','2021-05-06','2021-06-06'),('2021-05-07','2021-05-07','2021-06-07'),('2021-05-08','2021-05-08','2021-06-08'),('2021-05-09','2021-05-09','2021-06-09'),('2021-05-10','2021-05-10','2021-06-10'),('2021-05-11','2021-05-11','2021-06-11'),('2021-05-12','2021-05-12','2021-06-12'),('2021-05-13','2021-05-13','2021-06-13'),('2021-05-14','2021-05-14','2021-06-14'),('2021-05-15','2021-05-15','2021-06-15'),('2021-05-16','2021-05-16','2021-06-16'),('2021-05-17','2021-05-17','2021-06-17'),('2021-05-18','2021-05-18','2021-06-18'),('2021-05-19','2021-05-19','2021-06-19'),('2021-05-20','2021-05-20','2021-06-20'),('2021-05-21','2021-05-21','2021-06-21'),('2021-05-22','2021-05-22','2021-06-22'),('2021-05-23','2021-05-23','2021-06-23'),('2021-05-24','2021-05-24','2021-06-24'),('2021-05-25','2021-05-25','2021-06-25'),('2021-05-26','2021-05-26','2021-06-26'),('2021-05-27','2021-05-27','2021-06-27'),('2021-05-28','2021-05-28','2021-06-28'),('2021-05-29','2021-05-29','2021-06-29'),('2021-05-30','2021-05-30','2021-06-30'),('2021-05-31','2021-05-31','2021-07-01'),('2021-06-01','2021-06-01','2021-07-02'),('2021-06-02','2021-06-02','2021-07-03'),('2021-06-03','2021-06-03','2021-07-04'),('2021-06-04','2021-06-04','2021-07-05'),('2021-06-05','2021-06-05','2021-07-06'),('2021-06-06','2021-06-06','2021-07-07'),('2021-06-07','2021-06-07','2021-07-08'),('2021-06-08','2021-06-08','2021-07-09'),('2021-06-09','2021-06-09','2021-07-10'),('2021-06-10','2021-06-10','2021-07-11'),('2021-06-11','2021-06-11','2021-07-12'),('2021-06-12','2021-06-12','2021-07-13'),('2021-06-13','2021-06-13','2021-07-14'),('2021-06-14','2021-06-14','2021-07-15'),('2021-06-15','2021-06-15','2021-07-16'),('2021-06-16','2021-06-16','2021-07-17'),('2021-06-17','2021-06-17','2021-07-18'),('2021-06-18','2021-06-18','2021-07-19'),('2021-06-19','2021-06-19','2021-07-20'),('2021-06-20','2021-06-20','2021-07-21'),('2021-06-21','2021-06-21','2021-07-22'),('2021-06-22','2021-06-22','2021-07-23'),('2021-06-23','2021-06-23','2021-07-24'),('2021-06-24','2021-06-24','2021-07-25'),('2021-06-25','2021-06-25','2021-07-26'),('2021-06-26','2021-06-26','2021-07-27'),('2021-06-27','2021-06-27','2021-07-28'),('2021-06-28','2021-06-28','2021-07-29'),('2021-06-29','2021-06-29','2021-07-30'),('2021-06-30','2021-06-30','2021-07-31'),('2021-07-01','2021-07-01','2021-08-01'),('2021-07-02','2021-07-02','2021-08-02'),('2021-07-03','2021-07-03','2021-08-03'),('2021-07-04','2021-07-04','2021-08-04'),('2021-07-05','2021-07-05','2021-08-05'),('2021-07-06','2021-07-06','2021-08-06'),('2021-07-07','2021-07-07','2021-08-07'),('2021-07-08','2021-07-08','2021-08-08'),('2021-07-09','2021-07-09','2021-08-09'),('2021-07-10','2021-07-10','2021-08-10'),('2021-07-11','2021-07-11','2021-08-11'),('2021-07-12','2021-07-12','2021-08-12'),('2021-07-13','2021-07-13','2021-08-13'),('2021-07-14','2021-07-14','2021-08-14'),('2021-07-15','2021-07-15','2021-08-15'),('2021-07-16','2021-07-16','2021-08-16'),('2021-07-17','2021-07-17','2021-08-17'),('2021-07-18','2021-07-18','2021-08-18'),('2021-07-19','2021-07-19','2021-08-19'),('2021-07-20','2021-07-20','2021-08-20'),('2021-07-21','2021-07-21','2021-08-21'),('2021-07-22','2021-07-22','2021-08-22'),('2021-07-23','2021-07-23','2021-08-23'),('2021-07-24','2021-07-24','2021-08-24'),('2021-07-25','2021-07-25','2021-08-25'),('2021-07-26','2021-07-26','2021-08-26'),('2021-07-27','2021-07-27','2021-08-27'),('2021-07-28','2021-07-28','2021-08-28'),('2021-07-29','2021-07-29','2021-08-29'),('2021-07-30','2021-07-30','2021-08-30'),('2021-07-31','2021-07-31','2021-08-31'),('2021-08-01','2021-08-01','2021-09-01'),('2021-08-02','2021-08-02','2021-09-02'),('2021-08-03','2021-08-03','2021-09-03'),('2021-08-04','2021-08-04','2021-09-04'),('2021-08-05','2021-08-05','2021-09-05'),('2021-08-06','2021-08-06','2021-09-06'),('2021-08-07','2021-08-07','2021-09-07'),('2021-08-08','2021-08-08','2021-09-08'),('2021-08-09','2021-08-09','2021-09-09'),('2021-08-10','2021-08-10','2021-09-10'),('2021-08-11','2021-08-11','2021-09-11'),('2021-08-12','2021-08-12','2021-09-12'),('2021-08-13','2021-08-13','2021-09-13'),('2021-08-14','2021-08-14','2021-09-14'),('2021-08-15','2021-08-15','2021-09-15'),('2021-08-16','2021-08-16','2021-09-16'),('2021-08-17','2021-08-17','2021-09-17'),('2021-08-18','2021-08-18','2021-09-18'),('2021-08-19','2021-08-19','2021-09-19'),('2021-08-20','2021-08-20','2021-09-20'),('2021-08-21','2021-08-21','2021-09-21'),('2021-08-22','2021-08-22','2021-09-22'),('2021-08-23','2021-08-23','2021-09-23'),('2021-08-24','2021-08-24','2021-09-24'),('2021-08-25','2021-08-25','2021-09-25'),('2021-08-26','2021-08-26','2021-09-26'),('2021-08-27','2021-08-27','2021-09-27'),('2021-08-28','2021-08-28','2021-09-28'),('2021-08-29','2021-08-29','2021-09-29'),('2021-08-30','2021-08-30','2021-09-30'),('2021-08-31','2021-08-31','2021-10-01'),('2021-09-01','2021-09-01','2021-10-02'),('2021-09-02','2021-09-02','2021-10-03'),('2021-09-03','2021-09-03','2021-10-04'),('2021-09-04','2021-09-04','2021-10-05'),('2021-09-05','2021-09-05','2021-10-06'),('2021-09-06','2021-09-06','2021-10-07'),('2021-09-07','2021-09-07','2021-10-08'),('2021-09-08','2021-09-08','2021-10-09'),('2021-09-09','2021-09-09','2021-10-10'),('2021-09-10','2021-09-10','2021-10-11'),('2021-09-11','2021-09-11','2021-10-12'),('2021-09-12','2021-09-12','2021-10-13'),('2021-09-13','2021-09-13','2021-10-14'),('2021-09-14','2021-09-14','2021-10-15'),('2021-09-15','2021-09-15','2021-10-16'),('2021-09-16','2021-09-16','2021-10-17'),('2021-09-17','2021-09-17','2021-10-18'),('2021-09-18','2021-09-18','2021-10-19'),('2021-09-19','2021-09-19','2021-10-20'),('2021-09-20','2021-09-20','2021-10-21'),('2021-09-21','2021-09-21','2021-10-22'),('2021-09-22','2021-09-22','2021-10-23'),('2021-09-23','2021-09-23','2021-10-24'),('2021-09-24','2021-09-24','2021-10-25'),('2021-09-25','2021-09-25','2021-10-26'),('2021-09-26','2021-09-26','2021-10-27'),('2021-09-27','2021-09-27','2021-10-28'),('2021-09-28','2021-09-28','2021-10-29'),('2021-09-29','2021-09-29','2021-10-30'),('2021-09-30','2021-09-30','2021-10-31'),('2021-10-01','2021-10-01','2021-11-01'),('2021-10-02','2021-10-02','2021-11-02'),('2021-10-03','2021-10-03','2021-11-03'),('2021-10-04','2021-10-04','2021-11-04'),('2021-10-05','2021-10-05','2021-11-05'),('2021-10-06','2021-10-06','2021-11-06'),('2021-10-07','2021-10-07','2021-11-07'),('2021-10-08','2021-10-08','2021-11-08'),('2021-10-09','2021-10-09','2021-11-09'),('2021-10-10','2021-10-10','2021-11-10'),('2021-10-11','2021-10-11','2021-11-11'),('2021-10-12','2021-10-12','2021-11-12'),('2021-10-13','2021-10-13','2021-11-13'),('2021-10-14','2021-10-14','2021-11-14'),('2021-10-15','2021-10-15','2021-11-15'),('2021-10-16','2021-10-16','2021-11-16'),('2021-10-17','2021-10-17','2021-11-17'),('2021-10-18','2021-10-18','2021-11-18'),('2021-10-19','2021-10-19','2021-11-19'),('2021-10-20','2021-10-20','2021-11-20'),('2021-10-21','2021-10-21','2021-11-21'),('2021-10-22','2021-10-22','2021-11-22'),('2021-10-23','2021-10-23','2021-11-23'),('2021-10-24','2021-10-24','2021-11-24'),('2021-10-25','2021-10-25','2021-11-25'),('2021-10-26','2021-10-26','2021-11-26'),('2021-10-27','2021-10-27','2021-11-27'),('2021-10-28','2021-10-28','2021-11-28'),('2021-10-29','2021-10-29','2021-11-29'),('2021-10-30','2021-10-30','2021-11-30'),('2021-10-31','2021-10-31','2021-12-01'),('2021-11-01','2021-11-01','2021-12-02'),('2021-11-02','2021-11-02','2021-12-03'),('2021-11-03','2021-11-03','2021-12-04'),('2021-11-04','2021-11-04','2021-12-05'),('2021-11-05','2021-11-05','2021-12-06'),('2021-11-06','2021-11-06','2021-12-07'),('2021-11-07','2021-11-07','2021-12-08'),('2021-11-08','2021-11-08','2021-12-09'),('2021-11-09','2021-11-09','2021-12-10'),('2021-11-10','2021-11-10','2021-12-11'),('2021-11-11','2021-11-11','2021-12-12'),('2021-11-12','2021-11-12','2021-12-13'),('2021-11-13','2021-11-13','2021-12-14'),('2021-11-14','2021-11-14','2021-12-15'),('2021-11-15','2021-11-15','2021-12-16'),('2021-11-16','2021-11-16','2021-12-17'),('2021-11-17','2021-11-17','2021-12-18'),('2021-11-18','2021-11-18','2021-12-19'),('2021-11-19','2021-11-19','2021-12-20'),('2021-11-20','2021-11-20','2021-12-21'),('2021-11-21','2021-11-21','2021-12-22'),('2021-11-22','2021-11-22','2021-12-23'),('2021-11-23','2021-11-23','2021-12-24'),('2021-11-24','2021-11-24','2021-12-25'),('2021-11-25','2021-11-25','2021-12-26'),('2021-11-26','2021-11-26','2021-12-27'),('2021-11-27','2021-11-27','2021-12-28'),('2021-11-28','2021-11-28','2021-12-29'),('2021-11-29','2021-11-29','2021-12-30'),('2021-11-30','2021-11-30','2021-12-31'),('2021-12-01','2021-12-01','2022-01-01'),('2021-12-02','2021-12-02','2022-01-02'),('2021-12-03','2021-12-03','2022-01-03'),('2021-12-04','2021-12-04','2022-01-04'),('2021-12-05','2021-12-05','2022-01-05'),('2021-12-06','2021-12-06','2022-01-06'),('2021-12-07','2021-12-07','2022-01-07'),('2021-12-08','2021-12-08','2022-01-08'),('2021-12-09','2021-12-09','2022-01-09'),('2021-12-10','2021-12-10','2022-01-10'),('2021-12-11','2021-12-11','2022-01-11'),('2021-12-12','2021-12-12','2022-01-12'),('2021-12-13','2021-12-13','2022-01-13'),('2021-12-14','2021-12-14','2022-01-14'),('2021-12-15','2021-12-15','2022-01-15'),('2021-12-16','2021-12-16','2022-01-16'),('2021-12-17','2021-12-17','2022-01-17'),('2021-12-18','2021-12-18','2022-01-18'),('2021-12-19','2021-12-19','2022-01-19'),('2021-12-20','2021-12-20','2022-01-20'),('2021-12-21','2021-12-21','2022-01-21'),('2021-12-22','2021-12-22','2022-01-22'),('2021-12-23','2021-12-23','2022-01-23'),('2021-12-24','2021-12-24','2022-01-24'),('2021-12-25','2021-12-25','2022-01-25'),('2021-12-26','2021-12-26','2022-01-26'),('2021-12-27','2021-12-27','2022-01-27'),('2021-12-28','2021-12-28','2022-01-28'),('2021-12-29','2021-12-29','2022-01-29'),('2021-12-30','2021-12-30','2022-01-30'),('2021-12-31','2021-12-31','2022-01-31'),('2022-01-01','2022-01-01','2022-02-01'),('2022-01-02','2022-01-02','2022-02-02'),('2022-01-03','2022-01-03','2022-02-03'),('2022-01-04','2022-01-04','2022-02-04'),('2022-01-05','2022-01-05','2022-02-05'),('2022-01-06','2022-01-06','2022-02-06'),('2022-01-07','2022-01-07','2022-02-07'),('2022-01-08','2022-01-08','2022-02-08'),('2022-01-09','2022-01-09','2022-02-09'),('2022-01-10','2022-01-10','2022-02-10'),('2022-01-11','2022-01-11','2022-02-11'),('2022-01-12','2022-01-12','2022-02-12'),('2022-01-13','2022-01-13','2022-02-13'),('2022-01-14','2022-01-14','2022-02-14'),('2022-01-15','2022-01-15','2022-02-15'),('2022-01-16','2022-01-16','2022-02-16'),('2022-01-17','2022-01-17','2022-02-17'),('2022-01-18','2022-01-18','2022-02-18'),('2022-01-19','2022-01-19','2022-02-19'),('2022-01-20','2022-01-20','2022-02-20'),('2022-01-21','2022-01-21','2022-02-21'),('2022-01-22','2022-01-22','2022-02-22'),('2022-01-23','2022-01-23','2022-02-23'),('2022-01-24','2022-01-24','2022-02-24'),('2022-01-25','2022-01-25','2022-02-25'),('2022-01-26','2022-01-26','2022-02-26'),('2022-01-27','2022-01-27','2022-02-27'),('2022-01-28','2022-01-28','2022-02-28'),('2022-01-29','2022-01-29','2022-03-01'),('2022-01-30','2022-01-30','2022-03-02'),('2022-01-31','2022-01-31','2022-03-03'),('2022-02-01','2022-02-01','2022-03-04'),('2022-02-02','2022-02-02','2022-03-05'),('2022-02-03','2022-02-03','2022-03-06'),('2022-02-04','2022-02-04','2022-03-07'),('2022-02-05','2022-02-05','2022-03-08'),('2022-02-06','2022-02-06','2022-03-09'),('2022-02-07','2022-02-07','2022-03-10'),('2022-02-08','2022-02-08','2022-03-11'),('2022-02-09','2022-02-09','2022-03-12'),('2022-02-10','2022-02-10','2022-03-13'),('2022-02-11','2022-02-11','2022-03-14'),('2022-02-12','2022-02-12','2022-03-15'),('2022-02-13','2022-02-13','2022-03-16'),('2022-02-14','2022-02-14','2022-03-17'),('2022-02-15','2022-02-15','2022-03-18'),('2022-02-16','2022-02-16','2022-03-19'),('2022-02-17','2022-02-17','2022-03-20'),('2022-02-18','2022-02-18','2022-03-21'),('2022-02-19','2022-02-19','2022-03-22'),('2022-02-20','2022-02-20','2022-03-23'),('2022-02-21','2022-02-21','2022-03-24'),('2022-02-22','2022-02-22','2022-03-25'),('2022-02-23','2022-02-23','2022-03-26'),('2022-02-24','2022-02-24','2022-03-27'),('2022-02-25','2022-02-25','2022-03-28'),('2022-02-26','2022-02-26','2022-03-29'),('2022-02-27','2022-02-27','2022-03-30'),('2022-02-28','2022-02-28','2022-03-31'),('2022-03-01','2022-03-01','2022-04-01'),('2022-03-02','2022-03-02','2022-04-02'),('2022-03-03','2022-03-03','2022-04-03'),('2022-03-04','2022-03-04','2022-04-04'),('2022-03-05','2022-03-05','2022-04-05'),('2022-03-06','2022-03-06','2022-04-06'),('2022-03-07','2022-03-07','2022-04-07'),('2022-03-08','2022-03-08','2022-04-08'),('2022-03-09','2022-03-09','2022-04-09'),('2022-03-10','2022-03-10','2022-04-10'),('2022-03-11','2022-03-11','2022-04-11'),('2022-03-12','2022-03-12','2022-04-12'),('2022-03-13','2022-03-13','2022-04-13'),('2022-03-14','2022-03-14','2022-04-14'),('2022-03-15','2022-03-15','2022-04-15'),('2022-03-16','2022-03-16','2022-04-16'),('2022-03-17','2022-03-17','2022-04-17'),('2022-03-18','2022-03-18','2022-04-18'),('2022-03-19','2022-03-19','2022-04-19'),('2022-03-20','2022-03-20','2022-04-20'),('2022-03-21','2022-03-21','2022-04-21'),('2022-03-22','2022-03-22','2022-04-22'),('2022-03-23','2022-03-23','2022-04-23'),('2022-03-24','2022-03-24','2022-04-24'),('2022-03-25','2022-03-25','2022-04-25'),('2022-03-26','2022-03-26','2022-04-26');
/*!40000 ALTER TABLE `detail_tanggal` ENABLE KEYS */;
UNLOCK TABLES;

--
-- Table structure for table `device_paket`
--

DROP TABLE IF EXISTS `device_paket`;
/*!40101 SET @saved_cs_client     = @@character_set_client */;
/*!50503 SET character_set_client = utf8mb4 */;
CREATE TABLE `device_paket` (
  `nama_paket` varchar(15) NOT NULL,
  `devices` varchar(45) NOT NULL,
  PRIMARY KEY (`nama_paket`,`devices`),
  CONSTRAINT `fk_device_paket` FOREIGN KEY (`nama_paket`) REFERENCES `paket` (`nama_paket`)
) ENGINE=InnoDB DEFAULT CHARSET=utf8mb4 COLLATE=utf8mb4_0900_ai_ci;
/*!40101 SET character_set_client = @saved_cs_client */;

--
-- Dumping data for table `device_paket`
--

LOCK TABLES `device_paket` WRITE;
/*!40000 ALTER TABLE `device_paket` DISABLE KEYS */;
INSERT INTO `device_paket` VALUES ('basic','computer'),('basic','phone'),('basic','tablet'),('basic','TV'),('mobile','phone'),('mobile','tablet'),('premium','computer'),('premium','phone'),('premium','tablet'),('premium','TV'),('standard','computer'),('standard','phone'),('standard','tablet'),('standard','TV');
/*!40000 ALTER TABLE `device_paket` ENABLE KEYS */;
UNLOCK TABLES;

--
-- Table structure for table `dibintangi`
--

DROP TABLE IF EXISTS `dibintangi`;
/*!40101 SET @saved_cs_client     = @@character_set_client */;
/*!50503 SET character_set_client = utf8mb4 */;
CREATE TABLE `dibintangi` (
  `id_aktor` int NOT NULL,
  `id_film` int NOT NULL,
  PRIMARY KEY (`id_aktor`,`id_film`),
  KEY `fk_dibintangi_film_idx` (`id_film`),
  CONSTRAINT `fk_dibintangi_aktor` FOREIGN KEY (`id_aktor`) REFERENCES `aktor` (`id_aktor`),
  CONSTRAINT `fk_dibintangi_film` FOREIGN KEY (`id_film`) REFERENCES `film` (`id_film`)
) ENGINE=InnoDB DEFAULT CHARSET=utf8mb4 COLLATE=utf8mb4_0900_ai_ci;
/*!40101 SET character_set_client = @saved_cs_client */;

--
-- Dumping data for table `dibintangi`
--

LOCK TABLES `dibintangi` WRITE;
/*!40000 ALTER TABLE `dibintangi` DISABLE KEYS */;
INSERT INTO `dibintangi` VALUES (40,1),(186,1),(172,2),(476,2),(280,3),(405,3),(170,4),(329,4),(192,5),(313,5),(61,6),(364,6),(369,7),(490,7),(82,8),(261,8),(148,9),(275,9),(151,10),(161,10),(183,11),(361,11),(157,12),(298,12),(161,13),(272,13),(40,14),(198,14),(101,15),(266,15),(153,16),(333,16),(132,17),(409,17),(14,18),(37,18),(176,19),(231,19),(448,20),(475,20),(246,21),(430,21),(247,22),(309,22),(202,23),(229,23),(104,24),(414,24),(188,25),(283,25),(100,26),(405,26),(51,27),(334,27),(94,28),(397,28),(231,29),(268,29),(50,30),(236,30),(6,31),(220,31),(273,32),(305,32),(141,33),(207,33),(83,34),(461,34),(24,35),(359,35),(284,36),(375,36),(106,37),(496,37),(112,38),(260,38),(208,39),(379,39),(125,40),(412,40),(79,41),(479,41),(171,42),(398,42),(23,43),(223,43),(39,44),(65,44),(64,45),(488,45),(63,46),(500,46),(329,47),(374,47),(41,48),(470,48),(96,49),(230,49),(329,50),(342,50),(50,51),(161,51),(129,52),(447,52),(171,53),(452,53),(30,54),(126,54),(182,55),(327,55),(94,56),(468,56),(204,57),(231,57),(98,58),(272,58),(27,59),(44,59),(306,60),(355,60),(105,61),(451,61),(95,62),(120,62),(323,63),(426,63),(350,64),(404,64),(280,65),(332,65),(186,66),(434,66),(251,67),(375,67),(11,68),(165,68),(113,69),(331,69),(202,70),(416,70),(50,71),(489,71),(44,72),(52,72),(56,73),(322,73),(131,74),(346,74),(375,75),(441,75),(73,76),(498,76),(168,77),(383,77),(18,78),(354,78),(5,79),(36,79),(137,80),(480,80),(182,81),(243,81),(246,82),(493,82),(341,83),(421,83),(99,84),(174,84),(414,85),(460,85),(19,86),(67,86),(275,87),(359,87),(72,88),(476,88),(59,89),(437,89),(100,90),(208,90),(47,91),(259,91),(128,92),(500,92),(89,93),(491,93),(7,94),(217,94),(54,95),(199,95),(274,96),(321,96),(323,97),(336,97),(134,98),(319,98),(5,99),(407,99),(116,100),(328,100),(43,101),(195,101),(119,102),(356,102),(75,103),(154,103),(17,104),(162,104),(47,105),(255,105),(33,106),(221,106),(287,107),(425,107),(170,108),(388,108),(19,109),(127,109),(62,110),(325,110),(114,111),(416,111),(209,112),(242,112),(130,113),(194,113),(143,114),(165,114),(173,115),(229,115),(334,116),(497,116),(117,117),(460,117),(72,118),(442,118),(498,119),(499,119),(337,120),(357,120),(240,121),(320,121),(284,122),(454,122),(448,123),(484,123),(155,124),(484,124),(278,125),(447,125),(85,126),(452,126),(80,127),(244,127),(209,128),(276,128),(18,129),(442,129),(176,130),(362,130),(48,131),(62,131),(93,132),(343,132),(93,133),(441,133),(109,134),(302,134),(66,135),(122,135),(266,136),(331,136),(2,137),(132,137),(127,138),(404,138),(99,139),(354,139),(107,140),(378,140),(350,141),(374,141),(214,142),(321,142),(230,143),(441,143),(27,144),(277,144),(22,145),(160,145),(24,146),(490,146),(12,147),(332,147),(115,148),(205,148),(44,149),(150,149),(239,150),(344,150),(250,151),(318,151),(14,152),(362,152),(130,153),(253,153),(94,154),(119,154),(101,155),(236,155),(292,156),(418,156),(282,157),(329,157),(274,158),(419,158),(12,159),(400,159),(281,160),(409,160),(402,161),(428,161),(80,162),(404,162),(186,163),(249,163),(61,164),(397,164),(378,165),(491,165),(45,166),(262,166),(287,167),(430,167),(360,168),(488,168),(89,169),(104,169),(129,170),(263,170),(45,171),(259,171),(126,172),(400,172),(293,173),(326,173),(174,174),(387,174),(124,175),(297,175),(228,176),(486,176),(255,177),(412,177),(215,178),(470,178),(58,179),(466,179),(458,180),(497,180),(198,181),(242,181),(177,182),(332,182),(13,183),(297,183),(253,184),(465,184),(10,185),(278,185),(179,186),(237,186),(316,187),(499,187),(10,188),(385,188),(431,189),(448,189),(383,190),(466,190),(231,191),(300,191),(70,192),(451,192),(208,193),(350,193),(76,194),(387,194),(185,195),(439,195),(246,196),(291,196),(107,197),(108,197),(11,198),(454,198),(91,199),(353,199),(79,200),(249,200),(58,201),(411,201),(83,202),(177,202),(101,203),(343,203),(108,204),(385,204),(123,205),(460,205),(317,206),(497,206),(61,207),(240,207),(98,208),(384,208),(267,209),(273,209),(150,210),(439,210),(91,211),(153,211),(324,212),(346,212),(119,213),(424,213),(151,214),(190,214),(102,215),(257,215),(140,216),(430,216),(21,217),(329,217),(282,218),(480,218),(47,219),(491,219),(125,220),(246,220),(3,221),(213,221),(108,222),(313,222),(239,223),(344,223),(77,224),(385,224),(79,225),(184,225),(129,226),(475,226),(132,227),(160,227),(384,228),(417,228),(124,229),(194,229),(342,230),(398,230),(74,231),(103,231),(215,232),(334,232),(169,233),(454,233),(201,234),(386,234),(247,235),(373,235),(187,236),(487,236),(476,237),(491,237),(15,238),(292,238),(118,239),(487,239),(166,240),(238,240),(98,241),(336,241),(59,242),(128,242),(24,243),(448,243),(472,244),(478,244),(27,245),(346,245),(163,246),(190,246),(122,247),(464,247),(40,248),(43,248),(431,249),(473,249),(147,250),(158,250),(97,251),(255,251),(248,252),(398,252),(444,253),(499,253),(257,254),(462,254),(233,255),(367,255),(261,256),(266,256),(39,257),(374,257),(300,258),(460,258),(44,259),(368,259),(463,260),(488,260),(35,261),(441,261),(143,262),(210,262),(92,263),(456,263),(14,264),(284,264),(334,265),(397,265),(76,266),(227,266),(117,267),(267,267),(79,268),(233,268),(5,269),(438,269),(50,270),(423,270),(143,271),(493,271),(2,272),(228,272),(337,273),(386,273),(189,274),(206,274),(133,275),(212,275),(86,276),(203,276),(307,277),(317,277),(95,278),(103,278),(124,279),(233,279),(34,280),(323,280),(138,281),(347,281),(377,282),(429,282),(59,283),(278,283),(102,284),(259,284),(289,285),(370,285),(205,286),(444,286),(345,287),(467,287),(294,288),(393,288),(110,289),(315,289),(249,290),(418,290),(71,291),(424,291),(18,292),(247,292),(89,293),(410,293),(161,294),(480,294),(262,295),(493,295),(87,296),(107,296),(218,297),(376,297),(99,298),(140,298),(72,299),(361,299),(40,300),(84,300);
/*!40000 ALTER TABLE `dibintangi` ENABLE KEYS */;
UNLOCK TABLES;

--
-- Table structure for table `dompetdigital`
--

DROP TABLE IF EXISTS `dompetdigital`;
/*!40101 SET @saved_cs_client     = @@character_set_client */;
/*!50503 SET character_set_client = utf8mb4 */;
CREATE TABLE `dompetdigital` (
  `id_pembayaran` int NOT NULL,
  `jenis` varchar(20) NOT NULL,
  PRIMARY KEY (`id_pembayaran`,`jenis`),
  CONSTRAINT `fk_dompetdigital_pembayaran` FOREIGN KEY (`id_pembayaran`) REFERENCES `pembayaran` (`id_pembayaran`)
) ENGINE=InnoDB DEFAULT CHARSET=utf8mb4 COLLATE=utf8mb4_0900_ai_ci;
/*!40101 SET character_set_client = @saved_cs_client */;

--
-- Dumping data for table `dompetdigital`
--

LOCK TABLES `dompetdigital` WRITE;
/*!40000 ALTER TABLE `dompetdigital` DISABLE KEYS */;
INSERT INTO `dompetdigital` VALUES (4,'DANA'),(5,'GoPay'),(10,'DANA'),(13,'GoPay'),(16,'DANA'),(17,'DANA'),(19,'GoPay'),(20,'GoPay'),(27,'DANA'),(28,'DANA'),(31,'OVO'),(33,'DANA'),(36,'DANA'),(37,'DANA'),(38,'GoPay'),(39,'OVO'),(43,'DANA'),(45,'OVO'),(46,'DANA'),(47,'DANA'),(50,'GoPay'),(51,'GoPay'),(53,'DANA'),(55,'DANA'),(57,'DANA'),(61,'OVO'),(62,'OVO'),(64,'DANA'),(66,'GoPay'),(67,'GoPay'),(72,'OVO'),(73,'DANA'),(81,'DANA'),(83,'DANA'),(85,'OVO'),(88,'DANA'),(96,'GoPay'),(104,'OVO'),(105,'DANA'),(118,'GoPay'),(129,'OVO'),(138,'DANA'),(143,'OVO'),(148,'OVO'),(345,'DANA'),(346,'GoPay'),(347,'DANA'),(348,'GoPay'),(349,'DANA'),(350,'DANA'),(351,'GoPay'),(352,'GoPay'),(353,'DANA'),(354,'DANA'),(355,'OVO'),(356,'DANA'),(357,'DANA'),(358,'DANA'),(359,'GoPay'),(360,'OVO'),(361,'DANA'),(362,'OVO'),(363,'DANA'),(364,'DANA'),(365,'GoPay'),(366,'GoPay'),(367,'DANA'),(368,'DANA'),(369,'DANA'),(370,'OVO'),(371,'OVO'),(372,'DANA'),(373,'GoPay'),(374,'GoPay'),(375,'DANA'),(376,'GoPay'),(377,'DANA'),(378,'GoPay'),(379,'DANA'),(380,'DANA'),(381,'GoPay'),(382,'GoPay'),(383,'DANA'),(384,'DANA'),(385,'OVO'),(386,'DANA'),(387,'DANA'),(388,'DANA'),(389,'GoPay'),(390,'OVO'),(391,'DANA'),(392,'OVO'),(393,'DANA'),(394,'DANA'),(395,'GoPay'),(396,'GoPay'),(397,'DANA'),(398,'DANA'),(399,'DANA'),(400,'OVO'),(401,'OVO'),(402,'DANA'),(403,'GoPay'),(404,'GoPay'),(405,'DANA'),(406,'GoPay'),(407,'DANA'),(408,'GoPay'),(409,'DANA'),(410,'DANA'),(411,'GoPay'),(412,'GoPay'),(413,'DANA'),(414,'DANA'),(415,'OVO'),(416,'DANA'),(417,'DANA'),(418,'DANA'),(419,'GoPay'),(420,'OVO'),(421,'DANA'),(422,'OVO'),(423,'DANA'),(424,'DANA'),(425,'GoPay'),(426,'GoPay'),(427,'DANA'),(428,'DANA'),(429,'DANA'),(430,'OVO'),(431,'OVO'),(432,'DANA'),(433,'GoPay'),(434,'GoPay'),(435,'OVO'),(436,'DANA'),(437,'DANA'),(438,'DANA'),(439,'OVO'),(440,'DANA'),(441,'GoPay'),(442,'OVO'),(443,'DANA'),(444,'GoPay'),(445,'OVO'),(446,'DANA'),(447,'OVO'),(448,'OVO'),(449,'DANA'),(450,'GoPay');
/*!40000 ALTER TABLE `dompetdigital` ENABLE KEYS */;
UNLOCK TABLES;

--
-- Table structure for table `film`
--

DROP TABLE IF EXISTS `film`;
/*!40101 SET @saved_cs_client     = @@character_set_client */;
/*!50503 SET character_set_client = utf8mb4 */;
CREATE TABLE `film` (
  `id_film` int NOT NULL,
  `deskripsi` varchar(1000) DEFAULT NULL,
  `tahun_rilis` int DEFAULT NULL,
  `tingkat_usia` varchar(15) DEFAULT NULL,
  `judul` varchar(200) DEFAULT NULL,
  `award_winning` int DEFAULT NULL,
  PRIMARY KEY (`id_film`)
) ENGINE=InnoDB DEFAULT CHARSET=utf8mb4 COLLATE=utf8mb4_0900_ai_ci;
/*!40101 SET character_set_client = @saved_cs_client */;

--
-- Dumping data for table `film`
--

LOCK TABLES `film` WRITE;
/*!40000 ALTER TABLE `film` DISABLE KEYS */;
INSERT INTO `film` VALUES (1,'a magical realism story about taking risks again It kicks off in a busy tavern with someone falling mysteriously ill',1997,'Kids','Wrong Rosary',1),(2,'a literary fiction story about change versus tradition It kicks off in an office with a false accusation',2016,'Kids','Road North',0),(3,'an anthology story about found families It kicks off in a restaurant with the reveal of a pregnancy',2010,'Kids','Barocco',0),(4,' a dying earth fantasy story about finding courage again It kicks off under the full moon with a failed curse',1998,'Kids','Message to Love',1),(5,'a procedural story about the nature of obsession It kicks off in Buenos Aires with the disappearance of a recent bride',2010,'Kids','Killer',0),(6,'a cyberpunk story about the illusion of free will It kicks off at a national conference with a space battle that ends poorly for the protagonist',2015,'Kids','Finding Joy',0),(7,'a historical fiction story about honor and integrity It kicks off in an office with the discovery of an anonymous note',2000,'Kids','The Night Stalker',1),(8,'a space opera story about the illusion of free will It kicks off in the year 2080 with the invention of a powerful drug that only the wealthy can access',2016,'Kids','Sunshine State',1),(9,'a biopunk story about pacifism It kicks off in the year 2080 with the ascension of a dictator to the throne',2017,'Kids','The Fantastic Planet',1),(10,'a biopunk story about the sins of colonialism It kicks off in a laboratory with the sentence What a surprise it was to open the door and come facetoface with the Lord of the Galaxy',2001,'Kids','Runaway Train',1),(11,'a steampunk story about overcoming totalitarianism It kicks off by a black hole with an awkward encounter with an enemy',2019,'Kids','Operation Homecoming',1),(12,'a biopunk story about vengeance It kicks off on a meteorite with news of a crisis on board a nearby generation ship',2019,'Kids','Impys Island',1),(13,'a satire story about corruption It kicks off in Seoul with someone making a misguided promise',2020,'Kids','Against The Sun',0),(14,'an erotic romance story about the perils of pleasure It kicks off in a casino with a botched order for a mailorder bride',2017,'Kids','After Alice',0),(15,'a suspense story about broken dreams It kicks off inside a baseball stadium with the discovery of a strange cult',1997,'Kids','Listen to Your Heart',1),(16,'an anthology story about rationalism versus romanticism It kicks off in Berlin with someone witnessing something inexplicable',2019,'Kids','Fog City Mavericks',0),(17,'a historical fantasy story about finding courage again It kicks off in a humble cottage with news of an ascension to the throne',2022,'Kids','Loser',1),(18,'a low fantasy story about overthrowing the patriarchy It kicks off in a quaint abode with someone being burgled',2004,'Kids','Asfalttilampaat',1),(19,'an urban fantasy story about unlikely friendships It kicks off in a busy tavern with news of a mutiny in the city',2022,'Kids','Destry Rides Again',1),(20,'a dying earth fantasy story about taking risks again It kicks off in an old inn with a rival showing up out of the blue',1992,'Kids','Landscape Suicide',1),(21,'a noir story about drug trafficking It kicks off in a quiet residential district with news of a prison escape',2010,'Kids','The One Love',1),(22,'a family saga story about broken dreams It kicks off in a caf in Sao Paulo with someone being accused of a crime',2019,'Kids','Prime Suspect',0),(23,'an anthology story about broken dreams It kicks off in a cafe in Sao Paulo with an awkward conversation',2000,'Kids','The Front',0),(24,'a hard science fiction story about the folly of eugenics It kicks off at a space station with a highfunctioning robot that suddenly goes haywire',1990,'Kids','Lope',1),(25,'a grimdark fantasy story about broken dreams It kicks off in an enemy camp with someone finding an ancient sword',1995,'Kids','Ghost from the Machine ',1),(26,'a whodunit story about atonement It kicks off at the Louvre with the disappearance of a prize hog',2005,'Kids','Billy the Kid vs Dracula',1),(27,'a magical realism story about a country in crisis It kicks off in an enemy camp with news of a magnificent enemy ship sailing into the harbor',1992,'Kids','The Pit and the Pendulum',1),(28,'a satire story about second chances It kicks off by a log cabin with someone witnessing something inexplicable',2011,'Kids','The Conscientious Objector',0),(29,'a biopunk story about the sins of colonialism It kicks off in a void with the ascension of a dictator to the throne',1992,'Kids','Female Convict Scorpion',0),(30,'a soft science fiction story about the individual versus collective identity It kicks off at a space station with the first contact with aliens',1990,'Kids','Death by China ',1),(31,'an apocalyptic story about resistance and revolution It kicks off inside a memory with the first contact with aliens',1997,'Kids','Profit',1),(32,'a satire story about rationalism versus romanticism It kicks off in a nightclub in Seattle with someone in the middle of divorce proceedings',2019,'Kids','Kiss Them for Me',0),(33,'a steampunk story about the futility of ambition It kicks off on a spacerig with a conspiracy being uncovered',2003,'Kids','Breed Apart',0),(34,'a soft science fiction story about the sins of colonialism It kicks off in a casino with someone falling mysteriously ill',1992,'Kids','Second Civil War',1),(35,'an epic fantasy story about learning from previous mistakes It kicks off on top of the battlements with someone receiving an unexpected windfall',1994,'Kids','Exodus',0),(36,'an epic fantasy story about defying destiny It kicks off in the city square with someone falling mysteriously ill',2011,'Kids','Something Wild',0),(37,'a procedural story about whitecollar crime It kicks off at a stakeout with the murder of the family patriarch',2021,'Kids','El Cid',0),(38,'a family saga story about the nature of obsession It kicks off at a McDonalds drivethrough with the discovery of an anonymous note',2008,'Kids','Ladykillers',0),(39,'a cyberpunk story about the individual versus collective identity It kicks off near Yggdrasil with a fight to preserve alien culture',2007,'Kids','Frenzy',1),(40,'a dying earth fantasy story about learning from previous mistakes It kicks off at the apothecary with news of a magnificent enemy ship sailing into the harbor',2003,'Kids','Voyage to Cythera',1),(41,'a satire story about the evils of racism It kicks off in the suburbs with the discovery of an anonymous note',1996,'Kids','10 Things I Hate About You',1),(42,'a cyberpunk story about a search for identity It kicks off at a national conference with a failed experiment',2017,'Kids','Secret of Roan Inish',0),(43,'a biopunk story about standing up for what is right It kicks off on Mars with with the sentence It had arrived',2018,'Kids','Guess Whos Coming to Dinner',1),(44,'an urban fantasy story about defying destiny It kicks off on a forgotten island with a conspiracy being uncovered',2003,'Kids','Kolberg',1),(45,'a low fantasy story about facing reality It kicks off on a battlefield with someones birthright being challenged',1994,'Kids','Bell',0),(46,'a procedural story about corruption and power It kicks off in Arizona with the disappearance of a prize hog',2002,'Kids','Deuce Bigalow',0),(47,'a paranormal romance story about the pitfalls of addiction It kicks off in a courtroom with a disastrous blind date',1998,'Kids','TT3D',1),(48,'an erotic romance story about the strength of a vow It kicks off at a brothel with two characters trapped in an elevator',2000,'Kids','None But the Lonely Heart',1),(49,'a romantic suspense story about a marriage of convenience It kicks off at the laundromat with someone being accused of theft',2003,'Kids','36th Chamber of Shaolin',0),(50,'a spy story about the nature of obsession It kicks off in London with the murder of the family patriarch',2022,'Adults','The Bride Wore Red',1),(51,'a medieval fantasy story about good versus evil It kicks off near Yggdrasil with news of an ascension to the throne',1998,'Adults','Life Is a Long Quiet River',1),(52,'a postapocalyptic story about what it means to be human It kicks off on a flying island with the ascension of a dictator to the throne',2010,'Adults','Victory',1),(53,'a family saga story about the nature of obsession It kicks off in a butcher shop with someone appealing to an authority figure',2022,'Adults','I Think I Do',1),(54,'a cyberpunk story about overcoming totalitarianism It kicks off at an engineering workshop with an 11th hour invention',2019,'Adults','Awful Truth',1),(55,'a low fantasy story about redemption It kicks off in the royal court with someone important being kidnapped',2009,'Adults','Angels Leap',1),(56,'a spy story about a mission of revenge It kicks off on a yacht with someone overhearing a conversation that should have been private',2016,'Adults','We Were Here',0),(57,'a historical fiction story about honor and integrity It kicks off in a mosque with the beginning of a relationship',2021,'Adults','Slipping Down Life',0),(58,'a romantic suspense story about loss It kicks off at the mall with two characters trapped in an elevator',1996,'Adults','Scenes From a Marriage',0),(59,'a literary fiction story about overcoming adversity It kicks off in a caf in Sao Paulo with a groundshaking family revelation',2001,'Adults','Chernobyl Diaries',0),(60,'a romantic suspense story about the perils of pleasure It kicks off in Buenos Aires with a dumpsterfire first date',2014,'Adults','Story of Women',0),(61,'a horror story about the nature of loneliness It kicks off in the engine room with rumors of a parasite invasion',2004,'Adults','Scorcher',1),(62,'a thriller story about crooked cops It kicks off in a quiet residential district with a bachelor party gone wrong',2006,'Adults','Ghost in the Shell',0),(63,'a spy story about finding justice It kicks off at a brothel with an unexpected explosion',2006,'Adults','Point and Shoot',1),(64,'a romantic suspense story about forbidden love It kicks off in a caf with someone walking into a lamp post',2008,'Adults','Parental Guidance',1),(65,'a hardboiled PI story about whitecollar crime It kicks off at a museum with someone whos late to a funeral for someone important',2019,'Adults','Ghost Dog',0),(66,'a spy story about the underbelly of society It kicks off on a yacht with a case of attempted arson',2006,'Adults','Rosso',1),(67,'a military science fiction story about overcoming totalitarianism It kicks off in a greenhouse with a failed mission',2015,'Adults','Magic and Bird',0),(68,'a sword and sorcery story about the weight of heritage It kicks off in an old inn with the loss of magic in the land',2015,'Adults','Children of the Corn V',0),(69,'a heroic fantasy story about confronting reality It kicks off under the full moon with someones birthright being challenged',2017,'Adults','Private Parts',1),(70,'a romantic suspense story about nonconformity It kicks off in Scotland with a drunk dial',2012,'Adults','Lucifer Rising',0),(71,'a steampunk story about transformation It kicks off on a spacerig with news of a crisis on board a nearby generation ship',2003,'Adults','Collision Earth',1),(72,'a family saga story about overcoming adversity It kicks off outside the spa with a groundshaking family revelation',2014,'Adults','Salsa',1),(73,'a dark fantasy story about taking risks again It kicks off in the halls of the mountain king with an attempted murder',2007,'Adults','Seafarers',0),(74,'a satire story about a relationship in decline It kicks off in a library with someone wishing upon a star',1997,'Adults','Amor',1),(75,'a historical fiction story about fate and free will It kicks off on a college campus with the sentence This is the saddest story youll ever be told',1995,'Adults','Whole',1),(76,'a historical fantasy story about overthrowing the patriarchy It kicks off at an ancient ruins with gossip about the royal family',1998,'Adults','Heart of America',1),(77,'a satire story about honor and integrity It kicks off in a bagel pub with someone begging for forgiveness',1999,'Adults','Big Eden',1),(78,'a cyberpunk story about the dangers of modernization It kicks off on Titan with a fight to preserve alien culture',2020,'Adults','Me and Morrison',1),(79,'a whodunit story about the evils of avarice It kicks off at a beach house with a gamechanging confession',2003,'Adults','Limey',1),(80,'a romancetinged story about giving into temptation It kicks off a flower shop with an awkward silence that was just brought on by car karaoke',1999,'Adults','Four Lions',1),(81,'a comedy of manners story about a marriage of convenience It kicks off near a coffee shop with a drunk dial',2019,'Adults','Union Square',0),(82,'a grimdark fantasy story about the meaning of home It kicks off in an enemy camp with someone receiving an unexpected windfall',2007,'Adults','Man Who Sued God',0),(83,'a comedydrama story about the dangers of conformity It kicks off at a campground with someone wishing upon a star',2022,'Adults','Rize',1),(84,'a whodunit story about a mission of revenge It kicks off on a cruise liner with someone overhearing a conversation that should have been private',2009,'Adults','Fists in the Pocket',1),(85,'a paranormal romance story about a marriage of convenience It kicks off at the mall with a mutual interest in Star Trek',2011,'Adults','P2',1),(86,'a procedural story about the permanence of loss It kicks off on a yacht with the disappearance of a recent groom',2015,'Adults','Freedomfighters',0),(87,'an apocalyptic story about what it means to be human It kicks off in limbo with the invention of a powerful drug that only the wealthy can access',2011,'Adults','Spin',0),(88,'a heroic fantasy story about toppling the establishment It kicks off before a great set of gates with a rival showing up out of the blue',2011,'Adults','Quid Pro Quo',1),(89,'a paranormal romance story about an arranged marriage It kicks off in a casino with a runaway cat',2015,'Adults','Titanic',0),(90,'a low fantasy story about found families It kicks off at a raging river with a fortuitous meeting',2007,'Adults','Hireling',1),(91,'a romantic suspense story about letting go of the past It kicks off in Scotland with an awkward dinner party',2008,'Adults','To Be and to Have',1),(92,'a comedy of manners story about change versus tradition It kicks off on a yacht with someone walking into a lamp post',2020,'Adults','Panama Hattie',1),(93,'an urban fantasy story about good versus evil It kicks off in a blistering desert with gossip about a hated councilperson',2021,'Adults','Snows of Kilimanjaro',0),(94,'a procedural story about finding courage again It kicks off in Gibraltar with news that Americas most wanted criminal has just been caught',2021,'Adults','Navy Seals',0),(95,'a suspense story about corruption and power It kicks off in a summer house with the expos of a shameful secret',1993,'Adults','Shower',0),(96,'a family saga story about religion and moral truth It kicks off at a local festival with someone wishing upon a star',2003,'Adults','Cage aux Folles II',1),(97,'a magical realism story about making the most of second chances It kicks off before a great set of gates with someone making a misguided promise',2009,'Adults','aka Tommy Chong',1),(98,'an erotic romance story about the perils of pleasure It kicks off at a League of Legends tournament with someone in the middle of some intense retail therapy',2008,'Adults','Since You Went Away',1),(99,'a whodunit story about a chance for redemption It kicks off inside a baseball stadium with a mysterious suicide',1993,'Adults','Better Tomorrow III',1),(100,'an erotic romance story about learning to accept differences It kicks off at a brothel with a rant about politics',2022,'Adults','Boat Trip',0),(101,'a historical mystery story about broken dreams It kicks off in a cathedral with a bachelor party gone wrong',1995,'Adults','Dean Spanley',1),(102,'a postapocalyptic story about religion and power It kicks off on an alien galaxy with the first contact with aliens',1992,'Adults','Two Much',1),(103,'a comedy of manners story about second chances It kicks off in a nightclub with someone in the middle of some intense retail therapy',2012,'Adults','Lonesome Dove',0),(104,'a comic fantasy story about taking risks again It kicks off at the apothecary with a summoning that goes wrong',2016,'Adults','How to Rob a Bank',0),(105,'a contemporary romance story about the validity of first impressions It kicks off on a cruise liner with a prank gone wrong',2022,'Adults','Inevitable Defeat of Mister and Pete',0),(106,'a horror story about overcoming totalitarianism It kicks off on a moon base with news of a crisis on board a nearby generation ship',2006,'Adults','Lathe of Heaven',1),(107,'a paranormal romance story about found families It kicks off at a botanical garden with an awkward dinner party',2017,'Adults','Last Passenger',1),(108,'a postapocalyptic story about personhood It kicks off in the year 3012 with an awkward encounter with an enemy',2020,'Adults','Strange Brew',1),(109,'an epic fantasy story about making the most of second chances It kicks off on a battlefield with news of a magnificent enemy ship sailing into the harbor',2005,'Adults','Fuehrers Face',1),(110,'a steampunk story about what it means to be human It kicks off inside a memory with the arrival of a powerful spacefaring clan',2000,'Adults','Rudderless',0),(111,'a family saga story about love and loss It kicks off at a gas station with someone in the middle of divorce proceedings',1997,'Adults','Someones Watching Me',1),(112,'a cyberpunk story about standing up for what is right It kicks off in the year 5021 with someone turning up unexpectedly from the past',2003,'Adults','Bathing Beauty',1),(113,'a noir story about overcoming crippling guilt It kicks off at a gas station with a gamechanging confession',2017,'Adults','Spaced Invaders',0),(114,'a low fantasy story about the weight of heritage It kicks off on a dusty road with a mysterious sighting',1992,'Adults','Ten',0),(115,'a family saga story about the dangers of ignorance It kicks off in a hookah lounge with the end of a relationship',1994,'Adults','Supervixens',1),(116,'a spy story about double identities It kicks off at a stakeout with the discovery of a mass grave',2010,'Adults','Women',1),(117,'a family saga story about fear of failure It kicks off on a yacht with a false accusation',2018,'Adults','Sirocco',1),(118,'a grimdark fantasy story about overthrowing the patriarchy It kicks off in a guild room with someone finding an ancient sword',2009,'Adults','Men in War',1),(119,'a comedy of manners story about giving into temptation It kicks off in a nightclub with a rant about rent costs',2004,'Adults','Riverworld',1),(120,'a historical mystery story about a mission of revenge It kicks off in the suburbs with a false accusation',2001,'Adults','Spring Break',1),(121,'a horror story about the sins of colonialism It kicks off on a flying island with the death of someone important',1998,'Adults','AVPR',0),(122,'a contemporary romance story about reincarnation It kicks off a flower shop with a rant about politics',1994,'Adults','Year Zero',0),(123,'a romantic suspense story about opposites attracting It kicks off in a caf with the sentence You autocomplete me I mean',2011,'Adults','Hotel Transylvania',0),(124,'a cyberpunk story about hubris It kicks off on a spacerig with someone turning up unexpectedly from the future',2019,'Adults','Out 1',1),(125,'a noir story about the limits of vengeance It kicks off at a football match with a bachelor party gone wrong',2005,'Adults','People Places Things',0),(126,'a historical mystery story about a chance for redemption It kicks off in Arizona with the disappearance of a recent groom',1997,'Adults','What If',0),(127,'a contemporary romance story about friends becoming lovers It kicks off near the beach with someone walking into a lamp post',2004,'Adults','South',0),(128,'a historical mystery story about the nature of obsession It kicks off in a quiet residential district with a ransom note',2022,'Adults','Randy and the Mob',0),(129,'an anthology story about struggling to live up to expectations It kicks off at a campground with a baby shower gone wrong',2010,'Adults','Kinjite',0),(130,'a historical fantasy story about an impossible quest It kicks off in a humble cottage with a conspiracy being uncovered',2002,'Adults','Sextette',0),(131,'a cyberpunk story about the hypocrisy of war It kicks off in the year 2080 with an awkward encounter with an enemy',2016,'Adults','Archangel',0),(132,'a spy story about a decadesold cold case It kicks off in London with a bachelor party gone wrong',2022,'Adults','Eight Legged Freaks',0),(133,'a comedydrama story about mental health It kicks off by a log cabin with someone from the past turning up unexpectedly',1994,'Adults','Skippy',1),(134,'a historical fiction story about second chances It kicks off by a log cabin with someone being accused of a crime',2022,'Adults','Swan Princess',1),(135,'a suspense story about a chance for redemption It kicks off in Buenos Aires with the disappearance of a backpacker',1990,'Adults','Nevada Smith',0),(136,'a soft science fiction story about the nature of loneliness It kicks off at a space station with the first contact with aliens',1994,'Adults','Vitelloni',0),(137,'a postapocalyptic story about the futility of ambition It kicks off in a greenhouse with a highfunctioning robot that suddenly goes haywire',2022,'Adults','Peas at 530 ',0),(138,'a hardboiled PI story about a serial killer on the loose again It kicks off in the suburbs with the disappearance of the crown jewels',2010,'Adults','Mondo Trasho',1),(139,'an urban fantasy story about redemption It kicks off in a scorched forest with someone making a misguided promise',2008,'Adults','International',1),(140,'an erotic romance story about letting go of the past It kicks off at a botanical garden with a drunk dial',2003,'Adults','Lips of Blood',1),(141,'a romancetinged story about redemption It kicks off near a yard sale with someone eavesdropping on a private conversation',2010,'Adults','Feet First',0),(142,'a contemporary romance story about serendipity It kicks off at a brothel with someone accidentally setting the kitchen on fire',2015,'Adults','Other Man',1),(143,'a paranormal romance story about hoping again It kicks off near a Mexican dive bar with an incredibly uncomfortable Thanksgiving dinner',2014,'Adults','False Trail',1),(144,'a paranormal romance story about revenge It kicks off in Gibraltar with a prank gone wrong',2018,'Adults','Loves of Pharaoh',0),(145,'a postapocalyptic story about the illusion of free will It kicks off between two asteroid belts with a chase through the stars',2013,'Adults','Sabretooth',1),(146,'a historical fiction story about corruption It kicks off in an office with someone making a misguided promise',2000,'Adults','Road to Bali',1),(147,'a romantic suspense story about taking responsibility It kicks off in Buenos Aires with a rant about rent costs',2018,'Adults','Senotaji',0),(148,'a dying earth fantasy story about good versus evil It kicks off at the Temple of Mithras with a rival showing up out of the blue',2014,'Adults','Others',1),(149,'a paranormal romance story about the validity of first impressions It kicks off in a hotel with a botched proposal',1999,'Adults','Casanovas Big Night',0),(150,'a suspense story about the mafia It kicks off at a football match with a ransom note',2005,'Adults','Trip',0),(151,'a military science fiction story about the individual versus collective identity It kicks off between two asteroid belts with an 11th hour invention',2014,'Kids','Mondo Topless',1),(152,'an erotic romance story about embracing imperfections It kicks off near a car park with someone whos late to a funeral for someone that everyone hated',2016,'Kids','Twice Born',0),(153,'a historical fiction story about overcoming insecurities It kicks off in an Uber with the delivery of an important letter',2016,'Kids','White Fang',0),(154,'a family saga story about fate and free will It kicks off in Barcelona with a groundshaking family revelation',2003,'Kids','Animal Crackers',0),(155,'a family saga story about fear of failure It kicks off in the woods with someone being accused of a crime',2009,'Kids','Cat in the Hat',1),(156,'a spy story about the limits of vengeance It kicks off at a ski resort with a missing child',1997,'Kids','Wings of Eagles',0),(157,'a comedy of manners story about the validity of first impressions It kicks off at the mall with an incredibly uncomfortable Thanksgiving dinner',2017,'Kids','Van Gogh',0),(158,'a grimdark fantasy story about broken dreams It kicks off in a candlelit bedchamber with someone receiving an unexpected windfall',2007,'Kids','Woman of Antwerp',0),(159,'a medieval fantasy story about the weight of heritage It kicks off in a busy tavern with a fortuitous meeting',1992,'Kids','Adam Resurrected',0),(160,'a space opera story about the ethical limits of technology It kicks off in the dunes with the invention of a powerful drug that only the wealthy can access',2001,'Kids','Lockout',0),(161,'a whodunit story about corruption and power It kicks off in the catacombs with a mysterious suicide',1995,'Kids','Christmas in August',0),(162,'a family saga story about overcoming insecurities It kicks off in a mosque with the sentence This is a true story I swear it',2014,'Kids','St George Shoots the Dragon',0),(163,'a suspense story about restitution It kicks off at a hotel with the discovery of a strange cult',1993,'Kids','Iraq in Fragments',0),(164,'an urban fantasy story about broken dreams It kicks off in an old inn with news of an ascension to the throne',1990,'Kids','Keys to Tulsa',NULL),(165,'a comic fantasy story about confronting reality It kicks off in an echoing cavern with gossip about the royal family',2016,'Kids','LennoNYC',0),(166,'a paranormal romance story about taking responsibility It kicks off at a hospital with a false accusation',2010,'Kids','Hit Man',1),(167,'an erotic romance story about hoping again It kicks off in a nightclub with someone loudly saying',2017,'Kids','Somewhere Between',0),(168,'a suspense story about crooked cops It kicks off in Gibraltar with the disappearance of the crown jewels',2016,'Kids','Santa Clause 3',1),(169,'a space opera story about Adam and Eve It kicks off in a casino with a highfunctioning robot that suddenly goes haywire',1993,'Kids','Jack',0),(170,'a comedy of manners story about history repeating itself It kicks off in a nightclub with a disastrous blind date',2018,'Kids','Miss Representation',0),(171,'a comedydrama story about corruption It kicks off in a summer house with a hostage situation',1999,'Kids','Eleventh Year',1),(172,'a romantic suspense story about unrequited love It kicks off in a hotel with someone walking into a lamp post',2008,'Kids','Club Paradise',1),(173,'a magical realism story about coming of age It kicks off under the full moon with a chase',1999,'Kids','Riding the Bullet',1),(174,'an apocalyptic story about personhood It kicks off inside a memory with a betrayal of interests',2018,'Kids','Deathstalker II',0),(175,'a procedural story about a mission of revenge It kicks off by a waterfall with the leak of a trade secret',2013,'Kids','All About Anna',0),(176,'a cyberpunk story about the dangers of modernization It kicks off near Yggdrasil with the return of the Black Plague',1991,'Kids','Claustrofobia',0),(177,'a comedy of manners story about nonconformity It kicks off in a caf with someone being allergic to cats',2010,'Kids','Eight Miles High',1),(178,'a comedydrama story about change versus tradition It kicks off at a protest with someone appealing to an authority figure',2017,'Kids','Teenagers from Outer Space',1),(179,'a procedural story about broken dreams It kicks off on a yacht with a ransom note',2007,'Kids','Stranded',1),(180,'a comedy of manners story about power dynamics It kicks off at the airport with someone horribly mispronouncing someone elses name',2002,'Kids','Dear Wendy',0),(181,'a thriller story about restitution It kicks off inside a baseball stadium with the entrance of a mysterious hitchhiker',2004,'Kids','Alyce Kills',0),(182,'a historical fiction story about change versus tradition It kicks off on a balcony with the discovery of an anonymous note',2019,'Kids','Flight Command',0),(183,'a thriller story about a mission of revenge It kicks off at a football match with an unexpected explosion',2011,'Kids','American Addict',1),(184,'a contemporary romance story about accidental love It kicks off in a caf with someone in the middle of some intense retail therapy',2017,'Kids','Beast from Haunted Cave',1),(185,'a historical fiction story about homelessness It kicks off in an abandoned shed with a New Years Resolution',2010,'Kids','Presidio',1),(186,'a spy story about finding courage again It kicks off in a penitentiary with a mysterious suicide',1993,'Kids','Shadow',1),(187,'a low fantasy story about finding courage again It kicks off in the stables with gossip about the royal family',1993,'Kids','One Week',1),(188,'a military science fiction story about facing reality It kicks off at an engineering workshop with a fight to preserve alien culture',1994,'Kids','Transporter',0),(189,'a romancetinged story about a fake relationship It kicks off in a casino with a runaway cat',2021,'Kids','My Lucky Stars',0),(190,'a comedy of manners story about conquering a fear of intimacy It kicks off at a League of Legends tournament with a disastrous blind date',2021,'Kids','Lenny Bruce',0),(191,'a comedydrama story about growing up It kicks off in a nightclub in Seattle with an attempted suicide',1993,'Kids','From Russia with Love',1),(192,'a low fantasy story about an impossible quest It kicks off near Yggdrasil with a birth in the family',2008,'Kids','Bunnyman',1),(193,'a historical fiction story about love and loss It kicks off by the beach with the sentence This is the saddest story youll ever be told',2022,'Kids','Gone Fishin',1),(194,'a historical fiction story about confronting reality It kicks off in a restaurant with someone in the middle of divorce proceedings',1992,'Kids','Comme un chef',0),(195,'a military science fiction story about personhood It kicks off on an alien galaxy with a failed experiment',2013,'Kids','Freezer',1),(196,'a romancetinged story about opposites attracting It kicks off at a botanical garden with a bad pickup line',2007,'Kids','On the Double',0),(197,'a hard science fiction story about confronting fascism It kicks off in the year 2080 with the return of the Black Plague',1994,'Kids','Sergeant York',0),(198,'a comedy of manners story about reincarnation It kicks off at the laundromat with someone being accused of theft',2003,'Kids','7 Women',0),(199,'a procedural story about atonement It kicks off in a summer house with the disappearance of a recent groom',2010,'Kids','Chambermaid on the Titanic',1),(200,'an anthology story about the unreliability of truth It kicks off in a nightclub in Seattle with the reveal of a pregnancy',2001,'Kids','Adonis Factor',1),(201,'a robot fiction story about the hypocrisy of war It kicks off in a future Mesopotamia with a highfunctioning robot that suddenly goes haywire',2007,'Adults','Fatty Drives the Bus',1),(202,'a hardboiled PI story about a chance for redemption It kicks off in a mosque with someone stumbling upon an abandoned piece of luggage',1998,'Adults','Affair of the Necklace',0),(203,'a comedydrama story about a family in crisis It kicks off in Berlin with someone crying in public',2005,'Adults','Lilith',1),(204,'a literary fiction story about overcoming adversity It kicks off in Barcelona with someone witnessing something inexplicable',2013,'Adults','Short Circuit',1),(205,'a whodunit story about good versus evil It kicks off at a gas station with the discovery of a strange cult',1994,'Adults','A Rumor Of War',0),(206,'an apocalyptic story about resistance and revolution It kicks off on an unfamiliar planet with the ascension of a dictator to the throne',1993,'Adults','Switchback',0),(207,'a hardboiled PI story about corruption and power It kicks off in a quiet residential district with the entrance of a mute child',2001,'Adults','Float',1),(208,'a medieval fantasy story about overcoming loss It kicks off in the barracks with someone falling mysteriously ill',2009,'Adults','Surviving Christmas',1),(209,'a sword and sorcery story about overthrowing the patriarchy It kicks off in an old inn with someone falling mysteriously ill',2022,'Adults','Kill a Rat',0),(210,'a thriller story about blackmail It kicks off in a penitentiary with a false accusation',2007,'Adults','Inconvenient Truth',1),(211,'an erotic romance story about an arranged marriage It kicks off at a hospital with a bad pickup line',2002,'Adults','Shark in Venice',0),(212,'a noir story about the limits of vengeance It kicks off at a bank with the disappearance of an upandcoming congressman',1991,'Adults','Better Tomorrow',0),(213,'a cyberpunk story about recreating memory It kicks off on a meteorite with the first contact with aliens',2010,'Adults','Adventures of Rocky and Bullwinkle',0),(214,'a romancetinged story about second chances It kicks off on a yacht with an awkward game of Spin the Bottle',2021,'Adults','Her Masters Voice',0),(215,'a romantic suspense story about getting the timing right It kicks off in Scotland with an argument over Twitter',2018,'Adults','101 Dalmatians II',1),(216,'a historical fiction story about believing in oneself It kicks off in a summer house with someone crying in public',2013,'Adults','1941',1),(217,'a hardboiled PI story about the underbelly of society It kicks off in Amsterdam with someone overhearing a conversation that should have been private',2013,'Adults','December Boys',1),(218,'a heroic fantasy story about finding courage again It kicks off on a dusty road with news of an ascension to the throne',2000,'Adults','Hellzapoppin',0),(219,'a political fantasy story about confronting reality It kicks off at an ancient ruins with someone finding an ancient sword',2009,'Adults','Hells Highway',0),(220,'an erotic romance story about overcoming familial pressure It kicks off in New York with an accidental Tweet',2012,'Adults','Thief',0),(221,'a comedy of manners story about fatal attraction It kicks off at an animal shelter with a rant about politics',1996,'Adults','Swades',1),(222,'a postapocalyptic story about transformation It kicks off in a casino with someone receiving an unexpected windfall',1993,'Adults','The Conrad Boys',0),(223,'an urban fantasy story about the price of freedom It kicks off in the city square with a conspiracy being uncovered',2009,'Adults','Blood Money',1),(224,'a romancetinged story about change It kicks off at a League of Legends tournament with the sentence Oh God Im sorry',2012,'Adults','Rabbit a la Berlin',1),(225,'a family saga story about homelessness It kicks off in a bagel pub with an attempted suicide',2020,'Adults','Mr Jones',1),(226,'a magical realism story about toppling the establishment It kicks off on top of the battlements with news of a magnificent enemy ship sailing into the harbor',2014,'Adults','Teen Wolf',0),(227,'a low fantasy story about broken dreams It kicks off in the city square with an attempted murder',2004,'Adults','Solar Crisis',0),(228,'a historical fiction story about the American dream It kicks off at a botanical garden with a New Years Resolution',2009,'Adults','This Girls Life',0),(229,'a cyberpunk story about personhood It kicks off in the year 2080 with the ascension of a dictator to the throne',1997,'Adults','Finians Rainbow',0),(230,'a robot fiction story about standing up for what is right It kicks off inside a dream with a failed experiment',2015,'Adults','OKA',0),(231,'a contemporary romance story about letting go of the past It kicks off in Scotland with the sentence You autocomplete me I mean what',2000,'Adults','Black Caesar',0),(232,'a literary fiction story about fear of failure It kicks off in the woods with a bachelor party gone wrong',2011,'Adults','Unknown Woman',0),(233,'a suspense story about a mission of revenge It kicks off at a brothel with someone falling suddenly ill',2011,'Adults','Love Me If You Dare',0),(234,'a grimdark fantasy story about the meaning of home It kicks off in a peaceful glade with an infestation of gnomes',2021,'Adults','Bullets Dont Argue',0),(235,'a contemporary romance story about a fake relationship It kicks off at a League of Legends tournament with an undercover operation',2008,'Adults','Rage at Dawn',0),(236,'an urban fantasy story about overcoming loss It kicks off under the full moon with someone being burgled',1994,'Adults','Gods Pocket',0),(237,'a military science fiction story about the folly of eugenics It kicks off near Yggdrasil with an 11th hour invention',2001,'Adults','Unmade Beds',0),(238,'a paranormal romance story about the perils of obsession It kicks off near a Mexican dive bar with a drunk dial',2022,'Adults','Knife in the Water',0),(239,'a romantic suspense story about empowerment It kicks off at the mall with the sentence You autocomplete me I mean what',2018,'Adults','Haunted House',1),(240,'a biopunk story about hubris It kicks off in limbo with the return of the Black Plague',2014,'Adults','Satans Little Helper',0),(241,'a historical fiction story about overcoming adversity It kicks off in a monastary with the reveal of a pregnancy',1992,'Adults','Desire Under the Elms',1),(242,'a military science fiction story about the nature of loneliness It kicks off in the year 5021 with the return of the Black Plague',2000,'Adults','Batman',0),(243,'a comedydrama story about mental health It kicks off at the Grand Canyon with the discovery of an anonymous note',2021,'Adults','Waltzes from Vienna',1),(244,'an anthology story about believing in oneself It kicks off in a manor with someone appealing to an authority figure',2021,'Adults','Brooklyns Finest',0),(245,'a paranormal romance story about power dynamics It kicks off in New York with a bad pickup line',1992,'Adults','Bending the Rules',0),(246,'an anthology story about the dangers of conformity It kicks off at the Grand Canyon with someone eavesdropping on a private conversation',2009,'Adults','Drive Hard',1),(247,'a literary fiction story about corruption It kicks off in a restaurant with a New Years Resolution',2017,'Adults','Room for Romeo Brass',0),(248,'a comedy of manners story about redemption It kicks off in a caf with a drunk dial',2016,'Adults','Last Voyage',0),(249,'a literary fiction story about love and loss It kicks off in a hookah lounge with an attempted suicide',2011,'Adults','Trinity',1),(250,'an erotic romance story about accidental love It kicks off in a skyscraper with someone whos late to a funeral for someone that everyone hated',2010,'Adults','Journey to the Center of the Earth',1),(251,'a historical fantasy story about change versus tradition It kicks off in the stables with a conspiracy being uncovered',2021,'Adults','Gamera vs Viras',1),(252,'a contemporary romance story about a marriage of convenience It kicks off at a ski resort with a bad pickup line',1994,'Adults','Border Radio',0),(253,'a postapocalyptic story about personhood It kicks off in a dark hangar with a failed mission',2020,'Adults','Shark Night 3D',0),(254,'a thriller story about broken dreams It kicks off at a football match with a mysterious suicide',2016,'Adults','Killing Them Softly',0),(255,'a hardboiled PI story about good versus evil It kicks off in a cathedral with news that all of the Rembrandts in a museum have vanished',2002,'Adults','Asterix and Obelix',0),(256,'an apocalyptic story about a search for identity It kicks off on a meteorite with a failed experiment',2005,'Adults','Shadowboxer',1),(257,'a thriller story about bluecollar crime It kicks off at a ski resort with a live alligator being thrown through the window',1995,'Adults','Films to Keep You Awake',1),(258,'an erotic romance story about the perils of obsession It kicks off at a hospital with an accidental Tweet',2013,'Adults','Confessions of an Opium Eater',1),(259,'an anthology story about a family in crisis It kicks off in a mosque with the death of someone important',1997,'Adults','Mystery of the Yellow Room',0),(260,'a steampunk story about the nature of loneliness It kicks off on an unfamiliar planet with a scientific breakthrough that will change everything',2017,'Adults','Sleeping Dictionary',1),(261,'a military fantasy story about taking risks again It kicks off in a peaceful glade with someone finding an ancient sword',1998,'Adults','Young at Heart',1),(262,'a postapocalyptic story about religion and power It kicks off on Ares X with the invention of a powerful drug that only the wealthy can access',1997,'Adults','Longshots',1),(263,'a romantic suspense story about serendipity It kicks off at the mall with someone having just gotten off of the wrong train stop',2008,'Adults','Case depart',1),(264,'a political fantasy story about redemption It kicks off in a guild room with the death of someone important',2015,'Adults','So I Married an Axe Murderer',0),(265,'a suspense story about the limits of vengeance It kicks off inside a baseball stadium with the leak of a trade secret',2014,'Adults','Tears of the Sun',1),(266,'a romancetinged story about redemption It kicks off in Buenos Aires with an awkward game of Spin the Bottle',2021,'Adults','Kirikou and the Sorceress',0),(267,'a contemporary romance story about second chances It kicks off in a nightclub with an awkward game of Spin the Bottle',2015,'Adults','Desi Boyz',0),(268,'a soft science fiction story about the nature of loneliness It kicks off on Ares X with a failed mission',1999,'Adults','Africa',0),(269,'a hardboiled PI story about overcoming crippling guilt It kicks off in a summer house with news of a prison escape',1994,'Adults','Shoot First',0),(270,'a cyberpunk story about the ethical limits of technology It kicks off in a space shopping mall with the sentence What a surprise it was to open the door and come facetoface with the Lord of the Galaxy',1993,'Adults','Rounders',1),(271,'a political fantasy story about taking risks again It kicks off at a bustling market with a conspiracy being uncovered',2009,'Adults','Truth or Consequences',1),(272,'a contemporary romance story about power dynamics It kicks off by the gym with a botched proposal',1992,'Adults','Woman of Affairs',1),(273,'a grimdark fantasy story about the price of freedom It kicks off on a dusty road with an infestation of gnomes',2004,'Adults','Love Finds Andy Hardy',0),(274,'a whodunit story about the mafia It kicks off in a penitentiary with a naked man falling through the ceiling',2001,'Adults','Surviving Picasso',1),(275,'an anthology story about the unreliability of truth It kicks off in an Uber with the end of a relationship',1994,'Adults','Waterworld',0),(276,'a romancetinged story about loss It kicks off in a library with a botched proposal',1999,'Adults','Mimino',1),(277,'a literary fiction story about the nature of obsession It kicks off in an Uber with a New Years Resolution',2012,'Adults','Yakuza',0),(278,'a hard science fiction story about the control of information It kicks off on Ares X with the forming of a Resistance',2017,'Adults','Reincarnated',0),(279,'a romancetinged story about change It kicks off in Buenos Aires with an undercover operation',2013,'Adults','Incredible Burt Wonderstone',0),(280,'a cyberpunk story about teleportation It kicks off on an unfamiliar planet with a betrayal of interests',2004,'Adults','Blob',0),(281,'a procedural story about a decadesold cold case It kicks off in London with someone falling suddenly ill',2017,'Adults','Vampyros Lesbos',1),(282,'a medieval fantasy story about overthrowing the patriarchy It kicks off in a scorched forest with a death in the family',1994,'Adults','Ill Be There',1),(283,'a comedy of manners story about fear of abandonment It kicks off at the laundromat with someone walking into a lamp post',1990,'Adults','Clockwatchers',1),(284,'an erotic romance story about standing up for oneself It kicks off near a coffee shop with someone being accused of theft',1994,'Adults','Wild Horse',1),(285,'a noir story about whitecollar crime It kicks off by a waterfall with the disappearance of a backpacker',2007,'Adults','Control',1),(286,'a military fantasy story about confronting reality It kicks off at a bustling market with a birth in the family',1994,'Adults','Small Change',0),(287,'a political fantasy story about facing reality It kicks off at the Temple of Mithras with a conspiracy being uncovered',2010,'Adults','Breakin 2',0),(288,'a comedy of manners story about the pitfalls of addiction It kicks off near a car park with someone being accused of theft',1995,'Adults','Hen Hop',1),(289,'a thriller story about good versus evil It kicks off inside a baseball stadium with a false accusation',2002,'Adults','Asterix vs Caesar',1),(290,'a postapocalyptic story about overcoming totalitarianism It kicks off by an oxygen tank with someone turning up unexpectedly from the past',2010,'Adults','Dummy',0),(291,'a noir story about regret It kicks off in the suburbs with someone whos late to a funeral for someone important',2022,'Adults','Gunga Din',0),(292,'a romancetinged story about compromise It kicks off in a courtroom with two characters trapped in an elevator',2018,'Adults','Parasomnia',0),(293,'a horror story about Adam and Eve It kicks off on a moon base with with the sentence It had arrived',2008,'Adults','Chasers',0),(294,'a romancetinged story about change It kicks off at a convention with an argument over Twitter',2018,'Adults','Journey',1),(295,'a comedydrama story about the dangers of ignorance It kicks off in a manor with a mysterious stranger approaching from the distance',2021,'Adults','Hard Rain',0),(296,'a historical mystery story about broken dreams It kicks off at a farmhouse with news that all of the Rembrandts in a museum have vanished',2013,'Adults','Thorn Birds',1),(297,'a soft science fiction story about a search for identity It kicks off inside a memory with an important election that will decide the fate of the galaxy',2002,'Adults','Hawaii',1),(298,'a historical mystery story about regret It kicks off in Munich with a missing child',2013,'Adults','Mask of Fu Manchu',0),(299,'a romancetinged story about power dynamics It kicks off in a caf with someone whos late to a funeral for someone that everyone hated',1995,'Adults','Taking Woodstock',0),(300,'a noir story about whitecollar crime It kicks off on a yacht with the entrance of a mysterious hitchhiker',2008,'Adults','Terrifier',1);
/*!40000 ALTER TABLE `film` ENABLE KEYS */;
UNLOCK TABLES;

--
-- Table structure for table `film_profil`
--

DROP TABLE IF EXISTS `film_profil`;
/*!40101 SET @saved_cs_client     = @@character_set_client */;
/*!50503 SET character_set_client = utf8mb4 */;
CREATE TABLE `film_profil` (
  `id_profil` int NOT NULL,
  `daftar_film` varchar(200) NOT NULL,
  PRIMARY KEY (`id_profil`,`daftar_film`),
  CONSTRAINT `fk_film_profil` FOREIGN KEY (`id_profil`) REFERENCES `profil` (`id_profil`)
) ENGINE=InnoDB DEFAULT CHARSET=utf8mb4 COLLATE=utf8mb4_0900_ai_ci;
/*!40101 SET character_set_client = @saved_cs_client */;

--
-- Dumping data for table `film_profil`
--

LOCK TABLES `film_profil` WRITE;
/*!40000 ALTER TABLE `film_profil` DISABLE KEYS */;
INSERT INTO `film_profil` VALUES (1001,'Eleventh Year'),(1001,'Wrong Rosary'),(2001,'Club Paradise'),(2001,'Road North'),(3001,'Barocco'),(3001,'Riding the Bullet'),(4001,'Deathstalker II'),(4001,'Message to Love'),(5001,'All About Anna'),(5001,'Killer'),(6001,'Claustrofobia'),(6001,'Finding Joy'),(7001,'Eight Miles High'),(7001,'The Night Stalker'),(7002,'Sunshine State'),(7002,'Teenagers from Outer Space'),(8001,'Stranded'),(8001,'The Fantastic Planet'),(9001,'Alyce Kills'),(9001,'Dear Wendy'),(9001,'Flight Command'),(9001,'Runaway Train'),(9002,'Operation Homecoming'),(9003,'Impys Island'),(10001,'Against The Sun'),(10001,'American Addict'),(10002,'After Alice'),(10002,'Beast from Haunted Cave'),(11001,'Listen to Your Heart'),(11001,'Presidio'),(12001,'Fog City Mavericks'),(12001,'Shadow'),(12002,'Loser'),(12002,'One Week'),(13001,'Asfalttilampaat'),(13001,'Transporter'),(14001,'Destry Rides Again'),(14001,'My Lucky Stars'),(15001,'Landscape Suicide'),(15001,'Lenny Bruce'),(16001,'From Russia with Love'),(16001,'The One Love'),(16002,'Bunnyman'),(16002,'Prime Suspect'),(16003,'Gone Fishin'),(16003,'The Front'),(17001,'Comme un chef'),(17001,'Lope'),(18001,'Freezer'),(18001,'Ghost from the Machine'),(19001,'Billy the Kid vs Dracula'),(19001,'On the Double'),(20001,'Sergeant York'),(20001,'The Pit and the Pendulum'),(21001,'7 Women'),(21001,'The Conscientious Objector'),(22001,'Chambermaid on the Titanic'),(22001,'Female Convict Scorpion'),(23001,'Adonis Factor'),(23001,'Death by China'),(24001,'Fatty Drives the Bus'),(24001,'Profit'),(24002,'Affair of the Necklace'),(24002,'Kiss Them for Me'),(24003,'Breed Apart'),(24003,'Lilith'),(24004,'Second Civil War'),(24004,'Short Circuit'),(25001,'A Rumor Of War'),(25001,'Exodus'),(26001,'Something Wild'),(26001,'Switchback'),(26002,'El Cid'),(26002,'Float'),(27001,'Ladykillers'),(27001,'Surviving Christmas'),(28001,'Frenzy'),(28001,'Kill a Rat'),(29001,'Inconvenient Truth'),(29001,'Voyage to Cythera'),(30001,'10 Things I Hate About You'),(30001,'Shark in Venice'),(31001,'Better Tomorrow'),(31001,'Secret of Roan Inish'),(32001,'Adventures of Rocky and Bullwinkle'),(32001,'Guess Whos Coming to Dinner'),(33001,'Her Masters Voice'),(33001,'Kolberg'),(34001,'101 Dalmatians II'),(34001,'Bell'),(35001,'1941'),(35001,'Deuce Bigalow'),(36001,'December Boys'),(36001,'TT3D'),(37001,'Hellzapoppin'),(37001,'None But the Lonely Heart'),(38001,'36th Chamber of Shaolin'),(38001,'Hells Highway'),(39001,'The Bride Wore Red'),(39001,'Thief'),(40001,'Life Is a Long Quiet River'),(40001,'Swades'),(41001,'The Conrad Boys'),(41001,'Victory'),(42001,'Blood Money'),(42001,'I Think I Do'),(43001,'Awful Truth'),(43001,'Rabbit a la Berlin'),(44001,'Angels Leap'),(44001,'Mr Jones'),(45001,'Teen Wolf'),(45001,'We Were Here'),(46001,'Slipping Down Life'),(46001,'Solar Crisis'),(47001,'Scenes From a Marriage'),(47001,'This Girls Life'),(48001,'Chernobyl Diaries'),(48001,'Finians Rainbow'),(49001,'OKA'),(49001,'Story of Women'),(50001,'Black Caesar'),(50001,'Scorcher'),(51001,'Ghost in the Shell'),(51001,'Unknown Woman'),(52001,'Love Me If You Dare'),(52001,'Point and Shoot'),(53001,'Bullets Dont Argue'),(53001,'Parental Guidance'),(54001,'Ghost Dog'),(54001,'Rage at Dawn'),(55001,'Gods Pocket'),(55001,'Rosso'),(56001,'Magic and Bird'),(56001,'Unmade Beds'),(57001,'Children of the Corn V'),(57001,'Knife in the Water'),(58001,'Haunted House'),(58001,'Private Parts'),(59001,'Lucifer Rising'),(59001,'Satans Little Helper'),(60001,'Collision Earth'),(60001,'Desire Under the Elms'),(61001,'Batman'),(61001,'Salsa'),(62001,'Seafarers'),(62001,'Waltzes from Vienna'),(63001,'Amor'),(63001,'Brooklyns Finest'),(64001,'Bending the Rules'),(64001,'Whole'),(65001,'Drive Hard'),(65001,'Heart of America'),(66001,'Big Eden'),(66001,'Room for Romeo Brass'),(67001,'Last Voyage'),(67001,'Me and Morrison'),(68001,'Limey'),(69001,'Four Lions'),(70001,'Union Square'),(71001,'Man Who Sued God'),(72001,'Rize'),(73001,'Fists in the Pocket'),(74001,'P2'),(75001,'Freedomfighters'),(76001,'Spin'),(77001,'Quid Pro Quo'),(78001,'Titanic'),(79001,'Hireling'),(80001,'To Be and to Have'),(81001,'Panama Hattie'),(82001,'Snows of Kilimanjaro'),(83001,'Navy Seals'),(84001,'Shower'),(85001,'Cage aux Folles II'),(86001,'aka Tommy Chong'),(87001,'Since You Went Away'),(88001,'Better Tomorrow III'),(89001,'Boat Trip'),(90001,'Dean Spanley'),(91001,'Two Much'),(92001,'Lonesome Dove'),(93001,'How to Rob a Bank'),(94001,'Inevitable Defeat of Mister and Pete'),(95001,'Lathe of Heaven'),(96001,'Last Passenger'),(97001,'Strange Brew'),(98001,'Fuehrers Face'),(99001,'Rudderless'),(100001,'Someones Watching Me'),(101001,'Bathing Beauty'),(102001,'Spaced Invaders'),(103001,'Ten'),(104001,'Supervixens'),(105001,'Women'),(106001,'Sirocco'),(107001,'Men in War'),(108001,'Riverworld'),(109001,'Spring Break'),(109002,'AVPR'),(110001,'Year Zero'),(111001,'Hotel Transylvania'),(111002,'Out 1'),(111003,'People Places Things'),(112001,'What If'),(112002,'South'),(113001,'Randy and the Mob'),(113002,'Kinjite'),(113003,'Sextette'),(114001,'Archangel'),(115001,'Eight Legged Freaks'),(116001,'Skippy'),(117001,'Swan Princess'),(118001,'Nevada Smith'),(119001,'Vitelloni'),(120001,'Peas at 530'),(121001,'Mondo Trasho'),(122001,'International'),(123001,'Lips of Blood'),(124001,'Feet First'),(124002,'Other Man'),(124003,'False Trail'),(125001,'Loves of Pharaoh'),(126001,'Sabretooth'),(127001,'Road to Bali'),(128001,'Senotaji'),(129001,'Others'),(130001,'Casanovas Big Night'),(131001,'Trip'),(132001,'Mondo Topless'),(133001,'Twice Born'),(134001,'White Fang'),(135001,'Animal Crackers'),(136001,'Cat in the Hat'),(137001,'Wings of Eagles'),(138001,'Van Gogh'),(139001,'Woman of Antwerp'),(140001,'Adam Resurrected'),(141001,'Lockout'),(142001,'Christmas in August'),(143001,'St George Shoots the Dragon'),(144001,'Iraq in Fragments'),(145001,'Keys to Tulsa'),(146001,'LennoNYC'),(147001,'Hit Man'),(148001,'Somewhere Between'),(149001,'Santa Clause 3'),(150001,'Jack'),(150002,'Miss Representation'),(151001,'Eleventh Year'),(152001,'Club Paradise'),(153001,'Riding the Bullet'),(154001,'Deathstalker II'),(155001,'All About Anna'),(156001,'Claustrofobia'),(157001,'Eight Miles High'),(158001,'Teenagers from Outer Space'),(159001,'Stranded'),(160001,'Dear Wendy'),(161001,'Alyce Kills'),(162001,'Flight Command'),(163001,'American Addict'),(164001,'Beast from Haunted Cave'),(165001,'Presidio'),(166001,'Shadow'),(167001,'One Week'),(168001,'Transporter'),(169001,'My Lucky Stars'),(170001,'Lenny Bruce'),(171001,'From Russia with Love'),(172001,'Bunnyman'),(173001,'Gone Fishin'),(174001,'Comme un chef'),(175001,'Freezer'),(176001,'On the Double'),(177001,'Sergeant York'),(178001,'7 Women'),(179001,'Chambermaid on the Titanic'),(180001,'Adonis Factor'),(181001,'Fatty Drives the Bus'),(182001,'Affair of the Necklace'),(183001,'Lilith'),(184001,'Short Circuit'),(185001,'A Rumor Of War'),(186001,'Switchback'),(187001,'Float'),(188001,'Surviving Christmas'),(189001,'Kill a Rat'),(190001,'Inconvenient Truth'),(191001,'Shark in Venice'),(192001,'Better Tomorrow'),(193001,'Adventures of Rocky and Bullwinkle'),(194001,'Her Masters Voice'),(195001,'101 Dalmatians II'),(196001,'1941'),(197001,'December Boys'),(198001,'Hellzapoppin'),(199001,'Hells Highway'),(200001,'Thief'),(201001,'Swades'),(202001,'The Conrad Boys'),(203001,'Blood Money'),(204001,'Rabbit a la Berlin'),(205001,'Mr Jones'),(206001,'Teen Wolf'),(207001,'Solar Crisis'),(208001,'This Girls Life'),(209001,'Finians Rainbow'),(210001,'OKA'),(211001,'Black Caesar'),(212001,'Unknown Woman'),(213001,'Love Me If You Dare'),(214001,'Bullets Dont Argue'),(215001,'Rage at Dawn'),(216001,'Gods Pocket'),(217001,'Unmade Beds'),(218001,'Knife in the Water'),(219001,'Haunted House'),(220001,'Satans Little Helper'),(221001,'Desire Under the Elms'),(222001,'Batman'),(223001,'Waltzes from Vienna'),(224001,'Brooklyns Finest'),(225001,'Bending the Rules'),(226001,'Drive Hard'),(227001,'Room for Romeo Brass'),(228001,'Last Voyage'),(229001,'Trinity'),(230001,'Journey to the Center of the Earth'),(231001,'Gamera vs Viras'),(232001,'Border Radio'),(233001,'Shark Night 3D'),(234001,'Killing Them Softly'),(235001,'Asterix and Obelix'),(236001,'Shadowboxer'),(237001,'Films to Keep You Awake'),(238001,'Confessions of an Opium Eater'),(239001,'Mystery of the Yellow Room'),(240001,'Sleeping Dictionary'),(241001,'Young at Heart'),(242001,'Longshots'),(243001,'Case depart'),(244001,'So I Married an Axe Murderer'),(245001,'Tears of the Sun'),(246001,'Kirikou and the Sorceress'),(247001,'Desi Boyz'),(248001,'Africa'),(249001,'Shoot First'),(250001,'Rounders'),(251001,'Truth or Consequences'),(252001,'Woman of Affairs'),(253001,'Love Finds Andy Hardy'),(254001,'Surviving Picasso'),(255001,'Waterworld'),(256001,'Mimino'),(257001,'Yakuza'),(258001,'Reincarnated'),(259001,'Incredible Burt Wonderstone'),(260001,'Blob'),(261001,'Vampyros Lesbos'),(262001,'Ill Be There'),(263001,'Clockwatchers'),(264001,'Wild Horse'),(265001,'Control'),(266001,'Small Change'),(267001,'Breakin 2'),(268001,'Hen Hop'),(269001,'Asterix vs Caesar'),(270001,'Dummy'),(271001,'Gunga Din'),(272001,'Parasomnia'),(273001,'Chasers'),(274001,'Journey'),(275001,'Hard Rain'),(276001,'Thorn Birds'),(277001,'Hawaii'),(278001,'Mask of Fu Manchu'),(279001,'Taking Woodstock'),(280001,'Terrifier'),(281001,'Wrong Rosary'),(282001,'Road North'),(283001,'Barocco'),(284001,'Message to Love'),(285001,'Killer'),(286001,'Finding Joy'),(287001,'The Night Stalker'),(288001,'Sunshine State'),(289001,'The Fantastic Planet'),(290001,'Runaway Train'),(291001,'Operation Homecoming'),(292001,'Impys Island'),(293001,'Against The Sun'),(294001,'After Alice'),(295001,'Listen to Your Heart'),(296001,'Fog City Mavericks'),(297001,'Loser'),(298001,'Asfalttilampaat'),(299001,'Destry Rides Again'),(300001,'Landscape Suicide'),(301001,'The One Love'),(302001,'Prime Suspect'),(303001,'The Front'),(304001,'Lope'),(305001,'Ghost from the Machine'),(306001,'Billy the Kid vs Dracula'),(307001,'The Pit and the Pendulum'),(308001,'The Conscientious Objector'),(309001,'Female Convict Scorpion'),(310001,'Death by China'),(311001,'Profit'),(312001,'Kiss Them for Me'),(313001,'Breed Apart'),(314001,'Second Civil War'),(315001,'Exodus'),(316001,'Something Wild'),(317001,'El Cid'),(318001,'Ladykillers'),(319001,'Frenzy'),(320001,'Voyage to Cythera'),(321001,'10 Things I Hate About You'),(322001,'Secret of Roan Inish'),(323001,'Guess Whos Coming to Dinner'),(324001,'Kolberg'),(325001,'Bell'),(326001,'Deuce Bigalow'),(327001,'TT3D'),(328001,'None But the Lonely Heart'),(329001,'36th Chamber of Shaolin'),(330001,'The Bride Wore Red'),(331001,'Life Is a Long Quiet River'),(332001,'Victory'),(333001,'I Think I Do'),(334001,'Awful Truth'),(335001,'Angels Leap'),(336001,'We Were Here'),(337001,'Slipping Down Life'),(338001,'Scenes From a Marriage'),(339001,'Chernobyl Diaries'),(340001,'Story of Women'),(341001,'Scorcher'),(342001,'Ghost in the Shell'),(343001,'Point and Shoot'),(344001,'Parental Guidance'),(345001,'Ghost Dog'),(346001,'Rosso'),(347001,'Magic and Bird'),(348001,'Children of the Corn V'),(349001,'Private Parts'),(350001,'Lucifer Rising'),(351001,'Collision Earth'),(352001,'Salsa'),(353001,'Seafarers'),(354001,'Amor'),(355001,'Whole'),(356001,'Heart of America'),(357001,'Big Eden'),(358001,'Me and Morrison'),(359001,'Limey'),(360001,'Four Lions'),(361001,'Union Square'),(362001,'Man Who Sued God'),(363001,'Rize'),(364001,'Fists in the Pocket'),(365001,'P2'),(366001,'Freedomfighters'),(367001,'Spin'),(368001,'Quid Pro Quo'),(369001,'Titanic'),(370001,'Hireling'),(371001,'To Be and to Have'),(372001,'Panama Hattie'),(373001,'Snows of Kilimanjaro'),(374001,'Navy Seals'),(375001,'Shower'),(376001,'Cage aux Folles II'),(377001,'aka Tommy Chong'),(378001,'Since You Went Away'),(379001,'Better Tomorrow III'),(380001,'Boat Trip'),(381001,'Dean Spanley'),(382001,'Two Much'),(383001,'Lonesome Dove'),(384001,'How to Rob a Bank'),(385001,'Inevitable Defeat of Mister and Pete'),(386001,'Lathe of Heaven'),(387001,'Last Passenger'),(388001,'Strange Brew'),(389001,'Fuehrers Face'),(390001,'Rudderless'),(391001,'Someones Watching Me'),(392001,'Bathing Beauty'),(393001,'Spaced Invaders'),(394001,'Ten'),(395001,'Supervixens'),(396001,'Women'),(397001,'Sirocco'),(398001,'Men in War'),(399001,'Riverworld'),(400001,'Spring Break'),(401001,'AVPR'),(402001,'Year Zero'),(403001,'Hotel Transylvania'),(404001,'Out 1'),(405001,'People Places Things'),(406001,'What If'),(407001,'South'),(408001,'Randy and the Mob'),(409001,'Kinjite'),(410001,'Sextette'),(411001,'Archangel'),(412001,'Eight Legged Freaks'),(413001,'Skippy'),(414001,'Swan Princess'),(415001,'Nevada Smith'),(416001,'Vitelloni'),(417001,'Peas at 530'),(418001,'Mondo Trasho'),(419001,'International'),(420001,'Lips of Blood'),(421001,'Feet First'),(422001,'Other Man'),(423001,'False Trail'),(424001,'Loves of Pharaoh'),(425001,'Sabretooth'),(426001,'Road to Bali'),(427001,'Senotaji'),(428001,'Others'),(429001,'Casanovas Big Night'),(430001,'Trip'),(431001,'Mondo Topless'),(432001,'Twice Born'),(433001,'White Fang'),(434001,'Animal Crackers'),(435001,'Cat in the Hat'),(436001,'Wings of Eagles'),(437001,'Van Gogh'),(438001,'Woman of Antwerp'),(439001,'Adam Resurrected'),(440001,'Lockout'),(441001,'Christmas in August'),(442001,'St George Shoots the Dragon'),(443001,'Iraq in Fragments'),(444001,'Keys to Tulsa'),(445001,'LennoNYC'),(446001,'Hit Man'),(447001,'Somewhere Between'),(448001,'Santa Clause 3'),(449001,'Jack'),(450001,'Miss Representation');
/*!40000 ALTER TABLE `film_profil` ENABLE KEYS */;
UNLOCK TABLES;

--
-- Table structure for table `genre_film`
--

DROP TABLE IF EXISTS `genre_film`;
/*!40101 SET @saved_cs_client     = @@character_set_client */;
/*!50503 SET character_set_client = utf8mb4 */;
CREATE TABLE `genre_film` (
  `id_film` int NOT NULL,
  `genre` varchar(45) NOT NULL,
  PRIMARY KEY (`id_film`,`genre`),
  CONSTRAINT `fk_genre_film` FOREIGN KEY (`id_film`) REFERENCES `film` (`id_film`)
) ENGINE=InnoDB DEFAULT CHARSET=utf8mb4 COLLATE=utf8mb4_0900_ai_ci;
/*!40101 SET character_set_client = @saved_cs_client */;

--
-- Dumping data for table `genre_film`
--

LOCK TABLES `genre_film` WRITE;
/*!40000 ALTER TABLE `genre_film` DISABLE KEYS */;
INSERT INTO `genre_film` VALUES (1,'Comedy'),(1,'Drama'),(2,'Horror'),(3,'Sci-Fi'),(4,'Romance'),(5,'Action'),(6,'Adventure'),(7,'Crime'),(8,'Comedy'),(8,'Mystery'),(9,'Drama'),(9,'Romance'),(10,'Drama'),(10,'Thriller'),(11,'Mystery'),(12,'Documentary'),(12,'Thriller'),(13,'Action'),(14,'Adventure'),(15,'Comedy'),(15,'Fantasy'),(16,'Drama'),(17,'Action'),(18,'Thriller'),(19,'Action'),(19,'Comedy'),(19,'Drama'),(20,'Comedy'),(21,'Musical'),(21,'Romance'),(22,'Western'),(23,'Comedy'),(23,'Drama'),(23,'Thriller'),(24,'War'),(25,'Action'),(26,'Crime'),(27,'Comedy'),(28,'Adventure'),(28,'Romance'),(29,'Animation'),(30,'Action'),(30,'Comedy'),(31,'Drama'),(32,'Comedy'),(33,'Animation'),(34,'Action'),(35,'Drama'),(36,'War'),(37,'Action'),(37,'Comedy'),(38,'Drama'),(39,'Adventure'),(40,'Crime'),(41,'Crime'),(41,'Drama'),(42,'Animation'),(42,'Crime'),(42,'Romance'),(42,'Western'),(43,'Children'),(44,'Comedy'),(44,'Drama'),(45,'Adventure'),(46,'Action'),(46,'Thriller'),(47,'Animation'),(47,'Horror'),(48,'Action'),(49,'Sci-fi'),(50,'Comedy'),(51,'Drama'),(52,'Drama'),(53,'Comedy'),(54,'Drama'),(55,'Romance'),(56,'Action'),(56,'Western'),(57,'Animation'),(57,'Crime'),(58,'Adventure'),(59,'Comedy'),(60,'Documentary'),(61,'Documentary'),(62,'Crime'),(63,'Drama'),(64,'Mystery'),(65,'Drama'),(66,'Crime'),(67,'Comedy'),(67,'Horror'),(68,'Fantasy'),(69,'Action'),(69,'Adventure'),(69,'Horror'),(70,'Documentary'),(70,'Horror'),(71,'Adventure'),(71,'Comedy'),(72,'Thriller'),(73,'Horror'),(74,'Action'),(75,'Sci-fi'),(76,'Drama'),(77,'Comedy'),(77,'Drama'),(78,'Drama'),(79,'Drama'),(79,'Romance'),(80,'Drama'),(80,'Fantasy'),(81,'Action'),(82,'Western'),(83,'Adventure'),(84,'Animation'),(85,'Comedy'),(85,'Drama'),(86,'Drama'),(87,'Drama'),(88,'Drama'),(89,'Adventure'),(89,'Documentary'),(90,'Documentary'),(91,'Comedy'),(92,'Comedy'),(93,'Documentary'),(94,'Comedy'),(95,'Action'),(96,'Crime'),(97,'Drama'),(98,'Comedy'),(99,'Drama'),(100,'Documentary'),(101,'Drama'),(102,'Comedy'),(103,'Drama'),(104,'Drama'),(105,'Comedy'),(106,'Action'),(106,'Documentary'),(107,'Romance'),(108,'Comedy'),(109,'Drama'),(110,'Comedy'),(111,'Horror'),(112,'Action'),(112,'Comed'),(113,'Adventure'),(114,'Comedy'),(115,'Drama'),(116,'Adventure'),(116,'Animation'),(116,'Comedy'),(117,'Comedy'),(118,'Comedy'),(118,'Musical'),(119,'Action'),(119,'Horror'),(120,'Film-Noir'),(121,'Thriller'),(122,'Drama'),(123,'Musical'),(123,'Sci-Fi'),(124,'Comedy'),(124,'Mystery'),(125,'Crime'),(125,'Romance'),(126,'Comedy'),(127,'Comedy'),(128,'Horror'),(129,'Comedy'),(130,'Comedy'),(130,'Drama'),(131,'Musical'),(132,'Documentary'),(132,'Drama'),(132,'Horror'),(133,'Drama'),(134,'Action'),(135,'Drama'),(136,'Comedy'),(136,'Romance'),(137,'Drama'),(138,'Romance'),(139,'Documentary'),(140,'Documentary'),(140,'Drama'),(141,'Film-Noir'),(142,'Mystery'),(143,'Drama'),(144,'Drama'),(145,'Fantasy'),(146,'Comedy'),(147,'Drama'),(148,'Drama'),(149,'Genre'),(150,'Comedy'),(151,'Drama'),(152,'Horror'),(152,'Romance'),(152,'Sci-Fi'),(153,'Action'),(154,'Adventure'),(155,'Crime'),(156,'Mystery'),(157,'Comedy'),(158,'Drama'),(159,'Romance'),(159,'Thriller'),(160,'Drama'),(161,'Documentary'),(161,'Mystery'),(161,'Thriller'),(162,'Action'),(163,'Adventure'),(164,'Fantasy'),(165,'Comedy'),(166,'Drama'),(167,'Action'),(167,'Thriller'),(168,'Comedy'),(169,'Drama'),(170,'Comedy'),(171,'Comedy'),(172,'Musical'),(172,'Romance'),(173,'Western'),(174,'Comedy'),(174,'Drama'),(175,'Thriller'),(176,'Action'),(176,'Crime'),(176,'War'),(177,'Comedy'),(178,'Romance'),(179,'Adventure'),(180,'Action'),(180,'Animation'),(180,'Comedy'),(181,'Drama'),(182,'Comedy'),(183,'Animation'),(184,'Action'),(184,'Drama'),(184,'War'),(185,'Action'),(186,'Action'),(187,'Comedy'),(188,'Drama'),(189,'Adventure'),(189,'Crime'),(190,'Drama'),(191,'Animation'),(191,'Crime'),(192,'Romance'),(193,'Children'),(193,'Crime'),(193,'Western'),(194,'Drama'),(195,'Comedy'),(196,'Adventure'),(197,'Action'),(198,'Thriller'),(199,'Animation'),(199,'Horror'),(200,'Action'),(201,'Sci-fi'),(202,'Comedy'),(203,'Drama'),(204,'Drama'),(205,'Comedy'),(206,'Drama'),(207,'Action'),(207,'Romance'),(207,'Western'),(208,'Animation'),(209,'Crime'),(210,'Adventure'),(211,'Comedy'),(212,'Documentary'),(213,'Documentary'),(214,'Crime'),(215,'Crime'),(215,'Drama'),(215,'Mystery'),(216,'Comedy'),(216,'Horror'),(217,'Fantasy'),(218,'Action'),(218,'Adventure'),(218,'Horror'),(219,'Documentary'),(220,'Adventure'),(221,'Comedy'),(222,'Horror'),(222,'Thriller'),(223,'Action'),(223,'Sci-fi'),(224,'Comedy'),(224,'Drama'),(225,'Drama'),(226,'Drama'),(226,'Romance'),(227,'Fantasy'),(228,'Drama'),(229,'Action'),(229,'Western'),(230,'Adventure'),(231,'Animation'),(232,'Drama'),(233,'Comedy'),(233,'Drama'),(234,'Drama'),(235,'Drama'),(236,'Documentary'),(237,'Adventure'),(238,'Comedy'),(238,'Documentary'),(239,'Comedy'),(240,'Documentary'),(241,'Comedy'),(242,'Action'),(243,'Crime'),(244,'Drama'),(245,'Comedy'),(246,'Drama'),(247,'Documentary'),(248,'Drama'),(249,'Comedy'),(250,'Drama'),(251,'Drama'),(252,'Comedy'),(253,'Action'),(254,'Documentary'),(255,'Romance'),(256,'Comedy'),(257,'Drama'),(258,'Comedy'),(259,'Horror'),(260,'Comed'),(261,'Action'),(262,'Adventure'),(263,'Comedy'),(264,'Drama'),(265,'Animation'),(266,'Adventure'),(266,'Comedy'),(267,'Comedy'),(267,'Musical'),(268,'Horror'),(269,'Action'),(270,'Film-Noir'),(271,'Thriller'),(272,'Drama'),(273,'Musical'),(274,'Sci-Fi'),(275,'Comedy'),(275,'Mystery'),(276,'Crime'),(277,'Comedy'),(277,'Romance'),(278,'Comedy'),(279,'Horror'),(280,'Comedy'),(281,'Drama'),(282,'Comedy'),(283,'Musical'),(284,'Drama'),(285,'Documentary'),(285,'Horror'),(286,'Action'),(286,'Drama'),(287,'Drama'),(288,'Drama'),(289,'Comedy'),(290,'Drama'),(290,'Romance'),(291,'Romance'),(292,'Documentary'),(293,'Documentary'),(294,'Drama'),(295,'Film-Noir'),(296,'Mystery'),(297,'Drama'),(298,'Drama'),(299,'Comedy'),(299,'Fantasy'),(300,'Drama');
/*!40000 ALTER TABLE `genre_film` ENABLE KEYS */;
UNLOCK TABLES;

--
-- Table structure for table `giftcard`
--

DROP TABLE IF EXISTS `giftcard`;
/*!40101 SET @saved_cs_client     = @@character_set_client */;
/*!50503 SET character_set_client = utf8mb4 */;
CREATE TABLE `giftcard` (
  `id_pembayaran` int NOT NULL,
  `gift_code` varchar(20) NOT NULL,
  PRIMARY KEY (`id_pembayaran`,`gift_code`),
  CONSTRAINT `fk_giftcard_pembayaran` FOREIGN KEY (`id_pembayaran`) REFERENCES `pembayaran` (`id_pembayaran`)
) ENGINE=InnoDB DEFAULT CHARSET=utf8mb4 COLLATE=utf8mb4_0900_ai_ci;
/*!40101 SET character_set_client = @saved_cs_client */;

--
-- Dumping data for table `giftcard`
--

LOCK TABLES `giftcard` WRITE;
/*!40000 ALTER TABLE `giftcard` DISABLE KEYS */;
INSERT INTO `giftcard` VALUES (1,'pg4l2D8R4D963i3g5f6d'),(2,'4D00163z2W1w6E3u7J5v'),(9,'e55f5r328T9Y1a2u5u7r'),(11,'aW0l3J0x3K0Y6K0t0J3u'),(12,'ee3d6i5S3j6j14650u7W'),(15,'4F9m592s9r9G4k8t4R0I'),(18,'4K4n0b3r5b3R959w3d8P'),(22,'4q4x6j1m8B5h1S1O603t'),(24,'iR2z3a7w4Y143m7M0a52'),(25,'dY6Q1H7d8q4l9w9G5E3A'),(26,'Ow4N631a0e5p4K5H9H3A'),(35,'Ys0c7Y4H8g3d9J4x8a8B'),(40,'YM4h6q5v7K6F1X4E7a3m'),(41,'MT2c5b7U315q5O1U0d81'),(54,'kK9d6D8v9W5P9u8a6n10'),(56,'AP7P1b4e5H5v1d1R7o2t'),(58,'fL0y5o2a5j7s6q8Z5z5e'),(60,'De7I3O2T924A3f1h4y21'),(63,'x80g1A3T9j2n6f2o7x2F'),(68,'ls4C153c7y396E0e8G54'),(77,'Jj02533P0L8w3g1F9h9z'),(80,'yl6E2n2g2I8o986y8t7c'),(87,'jL49969n2o2o5x9R3s5V'),(89,'6P5o53683b2I0a2w5q8e'),(90,'H51f1n1m8i3t095W2H7D'),(91,'OC3Q6x9w7c960s4c2X0X'),(92,'gr2I9F7n5W3F0q2L6d2Q'),(97,'zo868T0P3C6b08074p5K'),(98,'lv4u173k669p3P9E0t8R'),(99,'7G9W2Z3K4G451k5r5T4J'),(100,'xl0T191M8k204y0l7g5V'),(101,'f73e9X5384461T0A0e3O'),(103,'ok408P0c1y999w4U1G0I'),(106,'zy45509y0K157c7A8p8X'),(107,'TA2U2F5e9H1X1U3R0C8B'),(108,'Xb1y1R6E4s8u6N5o8g6w'),(111,'FG9E1z639Z6K847W4H2J'),(113,'Sm1L3h0p4Z2h6a2t750t'),(115,'O67m6k5P6R2l2x7W7A7q'),(119,'iR4y4a8O389O4Z901p98'),(120,'kz958v3T7H2g8d2T2G7d'),(121,'oG4A2Q8a1C379L867t1W'),(125,'C75m1S0H9s7x9H0I2t8R'),(127,'T07U2f022c9K1H977o5m'),(128,'Ba8r3e6n8u492d1G4U4i'),(130,'2f5Y9m4I0x4X330s8C69'),(131,'kZ0y3q9d6i7N8z794A8T'),(136,'ST2i7y9L6b3I0l6I7m1K'),(139,'bg0d1X3I582r906R5B3w'),(140,'gz7q2k9B7o400g3d422H'),(144,'El7y1W2R2K3n2h8d0m5e'),(145,'DL6n270m681v5J6q7o1r'),(146,'Ew0X783w290t1J2y3p7g'),(147,'yh6l657r133m7b5G9O6Z'),(249,'De2t52r8656R5m91Zh21'),(250,'vO6m790617w44545Rn43'),(251,'Kn8S35xP27351W95AY43'),(252,'aw4W54Bl49bQ3S37RE56'),(253,'tW6p54nT98z98e059u32'),(254,'fd2y787622KX9S75WR37'),(255,'Hb0z00Fq58yB3g69FQ61'),(256,'Tu4I92UH43Oj3B64i168'),(257,'x55F50Xy68wu7I90NB77'),(258,'Ap7c29BF10sv3c73uf21'),(259,'Nu3q50mF83gX57389C28'),(260,'YI1T12X185o36N90J804'),(261,'or7217HI74GQ3Y77Ak48'),(262,'5h3X88pd71Nj9L99Zq49'),(263,'4Y1O81z711mu3h179J90'),(264,'rh1826s025P63q58KT99'),(265,'sw3R042O01jo2M80jj52'),(266,'8n6p55IS29ML7D16QD14'),(267,'aH7n977K03fy5D47Kw00'),(268,'Uz1s35Kb89hn9r96ca79'),(269,'Fu1t19Ng56Ih0M31Ik18'),(270,'al7415QZ71dw9L51SI41'),(271,'Cm1a26EL74t90I51oS95'),(272,'ua7Q451W99Ni1y41Hz11'),(273,'DR2m46SQ72n17B76qN97'),(274,'3s2D36MF94mm7q81uW36'),(275,'fo0M09ei02L60126G013'),(276,'Zs7Z89vD81CB2D19Jm13'),(277,'SU4r63ib01vh7w66p419'),(278,'B38a66wV433x7F54Z404'),(279,'3E7X74Pa679d6U72Lj02'),(280,'qW4r16iQ94393T204h50'),(281,'VW0X78ii37Ks1265PP64'),(282,'yk6r58YQ28ZU2w566e66'),(283,'gk5Z09qY13zn5Z61Hh00'),(284,'iQ6094RW90j16T72Om30'),(285,'FC2350gp63ga7w60wi09'),(286,'qW9C97qH68vh9u34vI55'),(287,'yj1442CX23dp22654k43'),(288,'Gk2917gT89KT2U77aK08'),(289,'1E5D69dJ721U4d829w66'),(290,'zC9X48C330FZ6680RU91'),(291,'T43i22Mx55ij6891l771'),(292,'vP2L63KZ834x5X18AO45'),(293,'BQ1s67Fb18Y42r21HU69'),(294,'fN3y47Lc74UC1p37uw72'),(295,'bJ4K94M167pR8365JQ01'),(296,'070u46ju77ls0F855G34'),(297,'fz4G86uh64bO4f30G067'),(298,'ZC0150KT21cd2v07yD93'),(299,'Rv9c83ar44Tr9Q11Us29'),(300,'6r2W96m093rT8c32VR46'),(301,'eI2E38lT21dr2a67xP20'),(302,'2S3v29lU51w92c05wl65'),(303,'1B3G77Ux50Wt2008Dj03'),(304,'Is6F66q772d76G53LH87'),(305,'ni5K195466IT0E32Fm80'),(306,'qw5k18qu03Ng0N17Va77'),(307,'oD3t09RA31B03w11WY28'),(308,'Nx3D68QW09Or3m37bR75'),(309,'gb1206vC06LT9l10Ct68'),(310,'fZ1t36El41Jt7B04oi64'),(311,'yO7e35ko67lT5h40eb06'),(312,'m97R79gv69Pz9e86fC08'),(313,'2L8c77El322m3R28U913'),(314,'Iw6l46zV55VZ4w98W137'),(315,'Fz8m71QM70PW5l45OW72'),(316,'Yh7X61Aa403w4q64CZ77'),(317,'tx5J34kg05gu9A51oS05'),(318,'Ok1D68dd56rj8650qW32'),(319,'hK9H00ut349o6G68JE04'),(320,'P63y91Zk79xN4N59pl19'),(321,'v44o39c8045m79671P15'),(322,'AU7235At20Zf45830H37'),(323,'934S28p298bB8I72ms03'),(324,'8M9j99oH78NR2w93eg44'),(325,'Ps3202R872lR4084T407'),(326,'5L6b55nl174L3H90Eu79'),(327,'V47266Jo74Td7u37Dc54'),(328,'fP1G594583B77W44GR11'),(329,'qP3C84WL14Zu5G65Nd73'),(330,'hg4N04rX99oR1234ef91'),(331,'ff6a78uG73Y08075hY45'),(332,'yZ1Q68rM13cC1l00sC86'),(333,'9E2K49X976ZR7m97cW50'),(334,'tx6v86hM82Nw3i70m417'),(335,'9l8T497M97LS7z25pH24'),(336,'NN4m44dL33uw3146nQ63'),(337,'Jw6X90Uq39Pg0A039U15'),(338,'O30B21pr935g4V94pt46'),(339,'9F1T64cm83B38e53Oh55'),(340,'i45h66Li65qD8R525K60'),(341,'Vr0s11nH68324m98G699'),(342,'n34D34AX24fH4865ag71'),(343,'Qg7m683J13vf5Z93Aj31'),(344,'tO7200Oq66lL4l35Lb63');
/*!40000 ALTER TABLE `giftcard` ENABLE KEYS */;
UNLOCK TABLES;

--
-- Table structure for table `menonton`
--

DROP TABLE IF EXISTS `menonton`;
/*!40101 SET @saved_cs_client     = @@character_set_client */;
/*!50503 SET character_set_client = utf8mb4 */;
CREATE TABLE `menonton` (
  `id_pengguna` int NOT NULL,
  `id_film` int NOT NULL,
  PRIMARY KEY (`id_pengguna`,`id_film`),
  KEY `fk_menonton_film_idx` (`id_film`),
  CONSTRAINT `fk_menonton_film` FOREIGN KEY (`id_film`) REFERENCES `film` (`id_film`),
  CONSTRAINT `fk_menonton_pengguna` FOREIGN KEY (`id_pengguna`) REFERENCES `pengguna` (`id_pengguna`)
) ENGINE=InnoDB DEFAULT CHARSET=utf8mb4 COLLATE=utf8mb4_0900_ai_ci;
/*!40101 SET character_set_client = @saved_cs_client */;

--
-- Dumping data for table `menonton`
--

LOCK TABLES `menonton` WRITE;
/*!40000 ALTER TABLE `menonton` DISABLE KEYS */;
INSERT INTO `menonton` VALUES (315,7),(56,8),(79,10),(186,10),(242,10),(421,18),(139,19),(304,19),(137,21),(56,22),(158,22),(366,22),(361,25),(385,25),(406,26),(291,27),(64,28),(440,28),(241,30),(135,31),(424,32),(160,34),(362,36),(399,36),(330,37),(246,38),(354,38),(266,39),(331,39),(257,41),(373,44),(49,45),(148,45),(109,46),(302,46),(304,46),(92,47),(23,48),(138,48),(336,48),(97,49),(218,49),(306,50),(370,50),(409,50),(270,53),(361,53),(217,54),(335,54),(227,56),(252,57),(305,57),(18,58),(178,60),(123,61),(72,64),(265,64),(69,65),(152,66),(237,68),(176,69),(121,70),(128,70),(141,71),(191,71),(124,72),(281,72),(198,78),(253,78),(352,78),(227,80),(236,80),(312,80),(396,80),(128,81),(278,83),(421,84),(265,86),(343,86),(283,87),(92,88),(225,88),(313,88),(222,90),(223,90),(360,90),(383,90),(14,91),(159,92),(163,93),(334,93),(389,96),(329,98),(275,99),(180,100),(308,101),(134,102),(231,102),(342,102),(446,103),(384,106),(92,108),(200,108),(383,110),(19,111),(406,111),(433,112),(442,112),(108,113),(13,114),(195,114),(226,115),(388,115),(28,116),(201,116),(225,116),(338,117),(372,117),(72,118),(248,118),(90,119),(378,119),(268,120),(233,121),(387,122),(425,123),(444,123),(301,124),(378,124),(394,124),(395,124),(403,125),(279,126),(289,127),(351,127),(177,129),(95,130),(159,131),(106,132),(301,132),(342,132),(125,134),(255,134),(248,135),(353,135),(61,136),(313,137),(319,137),(267,138),(351,138),(393,138),(113,141),(268,141),(43,143),(184,143),(318,144),(443,145),(152,147),(147,148),(320,148),(419,148),(183,152),(368,153),(15,155),(335,155),(211,160),(40,161),(302,161),(410,163),(96,168),(147,168),(24,170),(140,170),(46,171),(192,174),(341,174),(120,176),(182,176),(110,180),(227,181),(28,183),(335,183),(104,184),(235,184),(276,184),(341,184),(159,185),(192,188),(424,188),(322,189),(169,190),(285,190),(39,191),(243,192),(286,194),(334,196),(129,198),(399,200),(426,201),(13,202),(175,202),(274,203),(408,203),(51,205),(377,205),(64,206),(99,206),(280,207),(125,208),(239,208),(290,208),(357,208),(225,209),(327,209),(412,210),(249,212),(268,212),(122,213),(24,216),(246,219),(17,222),(98,222),(215,222),(393,223),(67,227),(321,229),(422,231),(59,232),(349,232),(121,236),(265,237),(438,237),(168,238),(431,238),(49,239),(172,239),(362,242),(399,242),(358,244),(348,245),(312,246),(147,247),(336,247),(424,247),(95,250),(184,250),(144,251),(308,253),(313,253),(353,253),(201,254),(246,254),(414,254),(89,255),(37,256),(450,256),(376,257),(105,258),(357,258),(140,259),(52,260),(295,260),(65,261),(116,261),(146,262),(105,263),(353,269),(46,271),(61,271),(165,272),(7,275),(160,277),(84,278),(108,278),(216,278),(320,278),(10,279),(44,279),(370,280),(254,281),(277,285),(22,286),(438,288),(71,289),(217,289),(65,291),(117,291),(370,292),(241,293),(261,293),(23,294),(98,294),(199,297),(419,297),(158,299),(164,299),(82,300),(173,300),(325,300),(352,300);
/*!40000 ALTER TABLE `menonton` ENABLE KEYS */;
UNLOCK TABLES;

--
-- Table structure for table `movies`
--

DROP TABLE IF EXISTS `movies`;
/*!40101 SET @saved_cs_client     = @@character_set_client */;
/*!50503 SET character_set_client = utf8mb4 */;
CREATE TABLE `movies` (
  `id_film` int NOT NULL,
  `durasi` int DEFAULT NULL,
  `director` varchar(45) DEFAULT NULL,
  PRIMARY KEY (`id_film`),
  CONSTRAINT `fk_movies_film` FOREIGN KEY (`id_film`) REFERENCES `film` (`id_film`)
) ENGINE=InnoDB DEFAULT CHARSET=utf8mb4 COLLATE=utf8mb4_0900_ai_ci;
/*!40101 SET character_set_client = @saved_cs_client */;

--
-- Dumping data for table `movies`
--

LOCK TABLES `movies` WRITE;
/*!40000 ALTER TABLE `movies` DISABLE KEYS */;
INSERT INTO `movies` VALUES (151,78,'Frederica Gipp'),(152,69,'Garwin Sextie'),(153,149,'Jody Jakoubek'),(154,68,'Rhodie Argo'),(155,111,'Etan Lorking'),(156,143,'Bo Goodwell'),(157,97,'Louella Pretorius'),(158,79,'George Brevitt'),(159,123,'Wendie Iacofo'),(160,143,'Sallee Ashling'),(161,83,'Candice Golly'),(162,86,'Giffy Ronca'),(163,108,'Lil Cromley'),(164,111,'George Perillo'),(165,80,'Radcliffe Haswell'),(166,83,'Aylmar Turfs'),(167,61,'Lyn Braunfeld'),(168,67,'Olwen Trevascus'),(169,140,'Cathee Maffione'),(170,82,'Brewer Marmon'),(171,67,'Thebault Croucher'),(172,121,'Teriann Roles'),(173,78,'Lilli Peret'),(174,106,'Waneta Roskam'),(175,92,'Sydel Meo'),(176,122,'Haily Baudacci'),(177,78,'Ethyl Grange'),(178,136,'Cynthy Whitmore'),(179,101,'Gussi Taggerty'),(180,86,'Chrysler Chidley'),(181,78,'Annelise Marden'),(182,88,'Louella Hakonsen'),(183,143,'Yolanthe Garcia'),(184,99,'Coralie Isenor'),(185,144,'Shirley Kless'),(186,117,'Siffre Furniss'),(187,118,'Alejoa Fallowfield'),(188,138,'Garwin Crier'),(189,104,'Concordia Borham'),(190,142,'Mirilla Broddle'),(191,71,'Louie Cornill'),(192,130,'Cyb De Marchi'),(193,145,'Lynnelle Coughan'),(194,75,'Jamal De Anesy'),(195,125,'Didi Tomney'),(196,73,'Tristam Reast'),(197,77,'Sally Neasham'),(198,64,'Manolo Cobbled'),(199,69,'Rourke Jedrzejewsky'),(200,129,'Maximilian Fidal'),(201,109,'Silvio Nichols'),(202,91,'Shannah Bahlmann'),(203,100,'Kanya Bustard'),(204,100,'Dori Bruhn'),(205,81,'Dolores Laval'),(206,119,'Merrill Grahlmans'),(207,106,'Beniamino Greet'),(208,129,'Ransom Mellem'),(209,68,'Melvyn Trengove'),(210,83,'Derril Worshall'),(211,139,'Jorey Rowley'),(212,130,'Madelyn Varren'),(213,85,'Conroy Daniele'),(214,113,'Padgett Ashe'),(215,113,'Morganica Branscomb'),(216,140,'Janeva Linning'),(217,135,'Saunder Stentiford'),(218,78,'Saundra McAndrew'),(219,129,'Arlana Nockolds'),(220,82,'Bennett Gabby'),(221,136,'Josee Castillou'),(222,111,'Rebecca Kealey'),(223,144,'Huberto Barrell'),(224,68,'Tommie Sobey'),(225,61,'Marquita Tompsett'),(226,107,'Maurise Cutridge'),(227,128,'Tamas McClunaghan'),(228,99,'Caria Cossins'),(229,61,'Solomon Cochrane'),(230,140,'Fields Baldini'),(231,91,'Debor Saltrese'),(232,136,'Casar Jeens'),(233,62,'Daune Gerner'),(234,129,'Rutter Schwandermann'),(235,149,'Elia MacDonell'),(236,94,'Arda Jecock'),(237,138,'Daisey Bulteel'),(238,107,'Kassia Rimell'),(239,81,'May Hartropp'),(240,61,'Jedediah Yarr'),(241,132,'Sydney Buard'),(242,133,'Bennie Dinning'),(243,102,'Fidelio Ambrosio'),(244,129,'Othello Masey'),(245,143,'Calli Longwood'),(246,64,'Karen Rosenfelder'),(247,98,'Morganne Stutt'),(248,104,'Celisse Olden'),(249,147,'Cristen Pallent'),(250,150,'Rachele Crown'),(251,98,'Janka Cruikshanks'),(252,100,'Itch Paffley'),(253,134,'Rania Allbut'),(254,129,'Marshal Cregan'),(255,103,'Gipsy Pavlishchev'),(256,131,'Ermin McBrearty'),(257,147,'Dolorita Tenniswood'),(258,131,'Kellina Shotton'),(259,112,'Candie Garfirth'),(260,73,'Hilarius Tofpik'),(261,84,'Zita Parkhouse'),(262,106,'Devy Mapston'),(263,104,'Maryanne Baitson'),(264,75,'Marylin Scrancher'),(265,124,'Noel Habbijam'),(266,96,'Blakeley Pearcey'),(267,107,'Berty Cloute'),(268,69,'Isiahi Saldler'),(269,137,'Justis Fradgley'),(270,109,'Conn Aliman'),(271,84,'Romy Tschursch'),(272,117,'Aura Yitshak'),(273,110,'Gert Michiel'),(274,107,'Mariellen Denington'),(275,128,'Averell Jannasch'),(276,132,'Caresse Teanby'),(277,140,'Augustina Haythorn'),(278,132,'Larissa Zelland'),(279,78,'Claudian Alans'),(280,62,'Sylvester Ilyasov'),(281,82,'Torrey Vedeniktov'),(282,116,'Dari Marrill'),(283,69,'Sheryl Feldberger'),(284,146,'Christoper Secombe'),(285,73,'Lynnell Breewood'),(286,104,'Clio McGee'),(287,86,'Maitilde Flook'),(288,129,'Mersey Ainscow'),(289,90,'Allister Real'),(290,89,'Andrey Peracco'),(291,136,'Aubine Rowlands'),(292,85,'Letti Giovani'),(293,69,'Myrwyn Ethridge'),(294,137,'Jeremias Coite'),(295,126,'Bryanty Pruvost'),(296,104,'Maribelle Lerohan'),(297,125,'Malissa Hutcheon'),(298,148,'Johnathan Measures'),(299,66,'Isaac Orro'),(300,150,'Inez Jenkins');
/*!40000 ALTER TABLE `movies` ENABLE KEYS */;
UNLOCK TABLES;

--
-- Table structure for table `paket`
--

DROP TABLE IF EXISTS `paket`;
/*!40101 SET @saved_cs_client     = @@character_set_client */;
/*!50503 SET character_set_client = utf8mb4 */;
CREATE TABLE `paket` (
  `id_pengguna` int NOT NULL,
  `nama_paket` varchar(15) NOT NULL,
  `harga` int DEFAULT NULL,
  `kualitas_video` varchar(10) DEFAULT NULL,
  `resolusi` varchar(20) DEFAULT NULL,
  PRIMARY KEY (`id_pengguna`,`nama_paket`),
  KEY `fk_device_paket` (`nama_paket`),
  CONSTRAINT `fk_paket_pengguna` FOREIGN KEY (`id_pengguna`) REFERENCES `pengguna` (`id_pengguna`)
) ENGINE=InnoDB DEFAULT CHARSET=utf8mb4 COLLATE=utf8mb4_0900_ai_ci;
/*!40101 SET character_set_client = @saved_cs_client */;

--
-- Dumping data for table `paket`
--

LOCK TABLES `paket` WRITE;
/*!40000 ALTER TABLE `paket` DISABLE KEYS */;
INSERT INTO `paket` VALUES (1,'premium',165540,'Best','4K+HDR'),(2,'standard',136170,'Better','1080p'),(3,'premium',165540,'Best','4K+HDR'),(4,'premium',165540,'Best','4K+HDR'),(5,'mobile',48060,'Good','480p'),(6,'premium',165540,'Best','4K+HDR'),(7,'basic',106800,'Good','480p'),(8,'standard',136170,'Better','1080p'),(9,'mobile',48060,'Good','480p'),(10,'standard',136170,'Better','1080p'),(11,'basic',106800,'Good','480p'),(12,'premium',165540,'Best','4K+HDR'),(13,'standard',136170,'Better','1080p'),(14,'mobile',48060,'Good','480p'),(15,'mobile',48060,'Good','480p'),(16,'basic',106800,'Good','480p'),(17,'basic',106800,'Good','480p'),(18,'mobile',48060,'Good','480p'),(19,'premium',165540,'Best','4K+HDR'),(20,'premium',165540,'Best','4K+HDR'),(21,'mobile',48060,'Good','480p'),(22,'premium',165540,'Best','4K+HDR'),(23,'mobile',48060,'Good','480p'),(24,'premium',165540,'Best','4K+HDR'),(25,'basic',106800,'Good','480p'),(26,'standard',136170,'Better','1080p'),(27,'basic',106800,'Good','480p'),(28,'standard',136170,'Better','1080p'),(29,'mobile',48060,'Good','480p'),(30,'mobile',48060,'Good','480p'),(31,'premium',165540,'Best','4K+HDR'),(32,'standard',136170,'Better','1080p'),(33,'basic',106800,'Good','480p'),(34,'premium',165540,'Best','4K+HDR'),(35,'premium',165540,'Best','4K+HDR'),(36,'standard',136170,'Better','1080p'),(37,'basic',106800,'Good','480p'),(38,'basic',106800,'Good','480p'),(39,'mobile',48060,'Good','480p'),(40,'standard',136170,'Better','1080p'),(41,'premium',165540,'Best','4K+HDR'),(42,'mobile',48060,'Good','480p'),(43,'premium',165540,'Best','4K+HDR'),(44,'premium',165540,'Best','4K+HDR'),(45,'basic',106800,'Good','480p'),(46,'basic',106800,'Good','480p'),(47,'standard',136170,'Better','1080p'),(48,'standard',136170,'Better','1080p'),(49,'standard',136170,'Better','1080p'),(50,'mobile',48060,'Good','480p'),(51,'basic',106800,'Good','480p'),(52,'premium',165540,'Best','4K+HDR'),(53,'standard',136170,'Better','1080p'),(54,'premium',165540,'Best','4K+HDR'),(55,'premium',165540,'Best','4K+HDR'),(56,'mobile',48060,'Good','480p'),(57,'premium',165540,'Best','4K+HDR'),(58,'mobile',48060,'Good','480p'),(59,'basic',106800,'Good','480p'),(60,'mobile',48060,'Good','480p'),(61,'standard',136170,'Better','1080p'),(62,'mobile',48060,'Good','480p'),(63,'premium',165540,'Best','4K+HDR'),(64,'premium',165540,'Best','4K+HDR'),(65,'mobile',48060,'Good','480p'),(66,'basic',106800,'Good','480p'),(67,'standard',136170,'Better','1080p'),(68,'basic',106800,'Good','480p'),(69,'premium',165540,'Best','4K+HDR'),(70,'standard',136170,'Better','1080p'),(71,'premium',165540,'Best','4K+HDR'),(72,'basic',106800,'Good','480p'),(73,'premium',165540,'Best','4K+HDR'),(74,'standard',136170,'Better','1080p'),(75,'premium',165540,'Best','4K+HDR'),(76,'basic',106800,'Good','480p'),(77,'premium',165540,'Best','4K+HDR'),(78,'basic',106800,'Good','480p'),(79,'standard',136170,'Better','1080p'),(80,'basic',106800,'Good','480p'),(81,'mobile',48060,'Good','480p'),(82,'mobile',48060,'Good','480p'),(83,'standard',136170,'Better','1080p'),(84,'basic',106800,'Good','480p'),(85,'basic',106800,'Good','480p'),(86,'mobile',48060,'Good','480p'),(87,'basic',106800,'Good','480p'),(88,'mobile',48060,'Good','480p'),(89,'premium',165540,'Best','4K+HDR'),(90,'basic',106800,'Good','480p'),(91,'mobile',48060,'Good','480p'),(92,'premium',165540,'Best','4K+HDR'),(93,'premium',165540,'Best','4K+HDR'),(94,'premium',165540,'Best','4K+HDR'),(95,'premium',165540,'Best','4K+HDR'),(96,'premium',165540,'Best','4K+HDR'),(97,'basic',106800,'Good','480p'),(98,'basic',106800,'Good','480p'),(99,'standard',136170,'Better','1080p'),(100,'standard',136170,'Better','1080p'),(101,'basic',106800,'Good','480p'),(102,'premium',165540,'Best','4K+HDR'),(103,'basic',106800,'Good','480p'),(104,'basic',106800,'Good','480p'),(105,'standard',136170,'Better','1080p'),(106,'standard',136170,'Better','1080p'),(107,'basic',106800,'Good','480p'),(108,'mobile',48060,'Good','480p'),(109,'standard',136170,'Better','1080p'),(110,'mobile',48060,'Good','480p'),(111,'premium',165540,'Best','4K+HDR'),(112,'basic',106800,'Good','480p'),(113,'standard',136170,'Better','1080p'),(114,'basic',106800,'Good','480p'),(115,'standard',136170,'Better','1080p'),(116,'mobile',48060,'Good','480p'),(117,'premium',165540,'Best','4K+HDR'),(118,'basic',106800,'Good','480p'),(119,'mobile',48060,'Good','480p'),(120,'basic',106800,'Good','480p'),(121,'basic',106800,'Good','480p'),(122,'standard',136170,'Better','1080p'),(123,'basic',106800,'Good','480p'),(124,'mobile',48060,'Good','480p'),(125,'premium',165540,'Best','4K+HDR'),(126,'basic',106800,'Good','480p'),(127,'standard',136170,'Better','1080p'),(128,'standard',136170,'Better','1080p'),(129,'basic',106800,'Good','480p'),(130,'premium',165540,'Best','4K+HDR'),(131,'basic',106800,'Good','480p'),(132,'basic',106800,'Good','480p'),(133,'premium',165540,'Best','4K+HDR'),(134,'premium',165540,'Best','4K+HDR'),(135,'standard',136170,'Better','1080p'),(136,'premium',165540,'Best','4K+HDR'),(137,'mobile',48060,'Good','480p'),(138,'basic',106800,'Good','480p'),(139,'mobile',48060,'Good','480p'),(140,'basic',106800,'Good','480p'),(141,'premium',165540,'Best','4K+HDR'),(142,'premium',165540,'Best','4K+HDR'),(143,'standard',136170,'Better','1080p'),(144,'premium',165540,'Best','4K+HDR'),(145,'basic',106800,'Good','480p'),(146,'premium',165540,'Best','4K+HDR'),(147,'standard',136170,'Better','1080p'),(148,'premium',165540,'Best','4K+HDR'),(149,'premium',165540,'Best','4K+HDR'),(150,'premium',165540,'Better','1080p'),(151,'premium',125783,'Best','4K+HDR'),(152,'standard',125858,'Better','1080p'),(153,'premium',125933,'Best','4K+HDR'),(154,'premium',126008,'Best','4K+HDR'),(155,'mobile',126083,'Good','480p'),(156,'premium',126158,'Best','4K+HDR'),(157,'basic',126233,'Good','480p'),(158,'standard',126309,'Better','1080p'),(159,'mobile',126384,'Good','480p'),(160,'standard',126459,'Better','1080p'),(161,'basic',126534,'Good','480p'),(162,'premium',126609,'Best','4K+HDR'),(163,'standard',126684,'Better','1080p'),(164,'mobile',126759,'Good','480p'),(165,'mobile',126834,'Good','480p'),(166,'basic',126909,'Good','480p'),(167,'basic',126984,'Good','480p'),(168,'mobile',127059,'Good','480p'),(169,'premium',127134,'Best','4K+HDR'),(170,'premium',127210,'Best','4K+HDR'),(171,'mobile',127285,'Good','480p'),(172,'premium',127360,'Best','4K+HDR'),(173,'mobile',127435,'Good','480p'),(174,'premium',127510,'Best','4K+HDR'),(175,'basic',127585,'Good','480p'),(176,'standard',127660,'Better','1080p'),(177,'basic',127735,'Good','480p'),(178,'standard',127810,'Better','1080p'),(179,'mobile',127885,'Good','480p'),(180,'mobile',127960,'Good','480p'),(181,'premium',128035,'Best','4K+HDR'),(182,'standard',128111,'Better','1080p'),(183,'basic',128186,'Good','480p'),(184,'premium',128261,'Best','4K+HDR'),(185,'premium',128336,'Best','4K+HDR'),(186,'standard',128411,'Better','1080p'),(187,'basic',128486,'Good','480p'),(188,'basic',128561,'Good','480p'),(189,'mobile',128636,'Good','480p'),(190,'standard',128711,'Better','1080p'),(191,'premium',128786,'Best','4K+HDR'),(192,'mobile',128861,'Good','480p'),(193,'premium',128937,'Best','4K+HDR'),(194,'premium',129012,'Best','4K+HDR'),(195,'basic',129087,'Good','480p'),(196,'basic',129162,'Good','480p'),(197,'standard',129237,'Better','1080p'),(198,'standard',129312,'Better','1080p'),(199,'standard',129387,'Better','1080p'),(200,'mobile',129462,'Good','480p'),(201,'basic',129537,'Good','480p'),(202,'premium',129612,'Best','4K+HDR'),(203,'standard',129687,'Better','1080p'),(204,'premium',129762,'Best','4K+HDR'),(205,'premium',129838,'Best','4K+HDR'),(206,'mobile',129913,'Good','480p'),(207,'premium',129988,'Best','4K+HDR'),(208,'mobile',130063,'Good','480p'),(209,'basic',130138,'Good','480p'),(210,'mobile',130213,'Good','480p'),(211,'standard',130288,'Better','1080p'),(212,'mobile',130363,'Good','480p'),(213,'premium',130438,'Best','4K+HDR'),(214,'premium',130513,'Best','4K+HDR'),(215,'mobile',130588,'Good','480p'),(216,'basic',130663,'Good','480p'),(217,'standard',130739,'Better','1080p'),(218,'basic',130814,'Good','480p'),(219,'premium',130889,'Best','4K+HDR'),(220,'standard',130964,'Better','1080p'),(221,'premium',131039,'Best','4K+HDR'),(222,'basic',131114,'Good','480p'),(223,'premium',131189,'Best','4K+HDR'),(224,'standard',131264,'Better','1080p'),(225,'premium',131339,'Best','4K+HDR'),(226,'basic',131414,'Good','480p'),(227,'premium',131489,'Best','4K+HDR'),(228,'basic',131565,'Good','480p'),(229,'standard',131640,'Better','1080p'),(230,'basic',131715,'Good','480p'),(231,'mobile',131790,'Good','480p'),(232,'mobile',131865,'Good','480p'),(233,'standard',131940,'Better','1080p'),(234,'basic',132015,'Good','480p'),(235,'basic',132090,'Good','480p'),(236,'mobile',132165,'Good','480p'),(237,'basic',132240,'Good','480p'),(238,'mobile',132315,'Good','480p'),(239,'premium',132390,'Best','4K+HDR'),(240,'basic',132466,'Good','480p'),(241,'mobile',132541,'Good','480p'),(242,'premium',132616,'Best','4K+HDR'),(243,'premium',132691,'Best','4K+HDR'),(244,'premium',132766,'Best','4K+HDR'),(245,'premium',132841,'Best','4K+HDR'),(246,'premium',132916,'Best','4K+HDR'),(247,'basic',132991,'Good','480p'),(248,'basic',133066,'Good','480p'),(249,'standard',133141,'Better','1080p'),(250,'standard',133216,'Better','1080p'),(251,'basic',133292,'Good','480p'),(252,'premium',133367,'Best','4K+HDR'),(253,'basic',133442,'Good','480p'),(254,'basic',133517,'Good','480p'),(255,'standard',133592,'Better','1080p'),(256,'standard',133667,'Better','1080p'),(257,'basic',133742,'Good','480p'),(258,'mobile',133817,'Good','480p'),(259,'standard',133892,'Better','1080p'),(260,'mobile',133967,'Good','480p'),(261,'premium',134042,'Best','4K+HDR'),(262,'basic',134117,'Good','480p'),(263,'standard',134193,'Better','1080p'),(264,'basic',134268,'Good','480p'),(265,'standard',134343,'Better','1080p'),(266,'mobile',134418,'Good','480p'),(267,'premium',134493,'Best','4K+HDR'),(268,'basic',134568,'Good','480p'),(269,'mobile',134643,'Good','480p'),(270,'basic',134718,'Good','480p'),(271,'basic',134793,'Good','480p'),(272,'standard',134868,'Better','1080p'),(273,'basic',134943,'Good','480p'),(274,'mobile',135018,'Good','480p'),(275,'premium',135094,'Best','4K+HDR'),(276,'basic',135169,'Good','480p'),(277,'standard',135244,'Better','1080p'),(278,'standard',135319,'Better','1080p'),(279,'basic',135394,'Good','480p'),(280,'premium',135469,'Best','4K+HDR'),(281,'basic',135544,'Good','480p'),(282,'basic',135619,'Good','480p'),(283,'premium',135694,'Best','4K+HDR'),(284,'premium',135769,'Best','4K+HDR'),(285,'standard',135844,'Better','1080p'),(286,'premium',135920,'Best','4K+HDR'),(287,'mobile',135995,'Good','480p'),(288,'basic',136070,'Good','480p'),(289,'mobile',136145,'Good','480p'),(290,'basic',136220,'Good','480p'),(291,'premium',136295,'Best','4K+HDR'),(292,'premium',136370,'Best','4K+HDR'),(293,'standard',136445,'Better','1080p'),(294,'premium',136520,'Best','4K+HDR'),(295,'basic',136595,'Good','480p'),(296,'premium',136670,'Best','4K+HDR'),(297,'standard',136745,'Better','1080p'),(298,'premium',136821,'Best','4K+HDR'),(299,'premium',136896,'Best','4K+HDR'),(300,'premium',136971,'Better','1080p'),(301,'premium',137046,'Best','4K+HDR'),(302,'standard',137121,'Better','1080p'),(303,'premium',137196,'Best','4K+HDR'),(304,'premium',137271,'Best','4K+HDR'),(305,'mobile',137346,'Good','480p'),(306,'premium',137421,'Best','4K+HDR'),(307,'basic',137496,'Good','480p'),(308,'standard',137571,'Better','1080p'),(309,'mobile',137647,'Good','480p'),(310,'standard',137722,'Better','1080p'),(311,'basic',137797,'Good','480p'),(312,'premium',137872,'Best','4K+HDR'),(313,'standard',137947,'Better','1080p'),(314,'mobile',138022,'Good','480p'),(315,'mobile',138097,'Good','480p'),(316,'basic',138172,'Good','480p'),(317,'basic',138247,'Good','480p'),(318,'mobile',138322,'Good','480p'),(319,'premium',138397,'Best','4K+HDR'),(320,'premium',138472,'Best','4K+HDR'),(321,'mobile',138548,'Good','480p'),(322,'premium',138623,'Best','4K+HDR'),(323,'mobile',138698,'Good','480p'),(324,'premium',138773,'Best','4K+HDR'),(325,'basic',138848,'Good','480p'),(326,'standard',138923,'Better','1080p'),(327,'basic',138998,'Good','480p'),(328,'standard',139073,'Better','1080p'),(329,'mobile',139148,'Good','480p'),(330,'mobile',139223,'Good','480p'),(331,'premium',139298,'Best','4K+HDR'),(332,'standard',139373,'Better','1080p'),(333,'basic',139449,'Good','480p'),(334,'premium',139524,'Best','4K+HDR'),(335,'premium',139599,'Best','4K+HDR'),(336,'standard',139674,'Better','1080p'),(337,'basic',139749,'Good','480p'),(338,'basic',139824,'Good','480p'),(339,'mobile',139899,'Good','480p'),(340,'standard',139974,'Better','1080p'),(341,'premium',140049,'Best','4K+HDR'),(342,'mobile',140124,'Good','480p'),(343,'premium',140199,'Best','4K+HDR'),(344,'premium',140275,'Best','4K+HDR'),(345,'basic',140350,'Good','480p'),(346,'basic',140425,'Good','480p'),(347,'standard',140500,'Better','1080p'),(348,'standard',140575,'Better','1080p'),(349,'standard',140650,'Better','1080p'),(350,'mobile',140725,'Good','480p'),(351,'basic',140800,'Good','480p'),(352,'premium',140875,'Best','4K+HDR'),(353,'standard',140950,'Better','1080p'),(354,'premium',141025,'Best','4K+HDR'),(355,'premium',141100,'Best','4K+HDR'),(356,'mobile',141176,'Good','480p'),(357,'premium',141251,'Best','4K+HDR'),(358,'mobile',141326,'Good','480p'),(359,'basic',141401,'Good','480p'),(360,'mobile',141476,'Good','480p'),(361,'standard',141551,'Better','1080p'),(362,'mobile',141626,'Good','480p'),(363,'premium',141701,'Best','4K+HDR'),(364,'premium',141776,'Best','4K+HDR'),(365,'mobile',141851,'Good','480p'),(366,'basic',141926,'Good','480p'),(367,'standard',142002,'Better','1080p'),(368,'basic',142077,'Good','480p'),(369,'premium',142152,'Best','4K+HDR'),(370,'standard',142227,'Better','1080p'),(371,'premium',142302,'Best','4K+HDR'),(372,'basic',142377,'Good','480p'),(373,'premium',142452,'Best','4K+HDR'),(374,'standard',142527,'Better','1080p'),(375,'premium',142602,'Best','4K+HDR'),(376,'basic',142677,'Good','480p'),(377,'premium',142752,'Best','4K+HDR'),(378,'basic',142827,'Good','480p'),(379,'standard',142903,'Better','1080p'),(380,'basic',142978,'Good','480p'),(381,'mobile',143053,'Good','480p'),(382,'mobile',143128,'Good','480p'),(383,'standard',143203,'Better','1080p'),(384,'basic',143278,'Good','480p'),(385,'basic',143353,'Good','480p'),(386,'mobile',143428,'Good','480p'),(387,'basic',143503,'Good','480p'),(388,'mobile',143578,'Good','480p'),(389,'premium',143653,'Best','4K+HDR'),(390,'basic',143728,'Good','480p'),(391,'mobile',143804,'Good','480p'),(392,'premium',143879,'Best','4K+HDR'),(393,'premium',143954,'Best','4K+HDR'),(394,'premium',144029,'Best','4K+HDR'),(395,'premium',144104,'Best','4K+HDR'),(396,'premium',144179,'Best','4K+HDR'),(397,'basic',144254,'Good','480p'),(398,'basic',144329,'Good','480p'),(399,'standard',144404,'Better','1080p'),(400,'standard',144479,'Better','1080p'),(401,'basic',144554,'Good','480p'),(402,'premium',144630,'Best','4K+HDR'),(403,'basic',144705,'Good','480p'),(404,'basic',144780,'Good','480p'),(405,'standard',144855,'Better','1080p'),(406,'standard',144930,'Better','1080p'),(407,'basic',145005,'Good','480p'),(408,'mobile',145080,'Good','480p'),(409,'standard',145155,'Better','1080p'),(410,'mobile',145230,'Good','480p'),(411,'premium',145305,'Best','4K+HDR'),(412,'basic',145380,'Good','480p'),(413,'standard',145455,'Better','1080p'),(414,'basic',145531,'Good','480p'),(415,'standard',145606,'Better','1080p'),(416,'mobile',145681,'Good','480p'),(417,'premium',145756,'Best','4K+HDR'),(418,'basic',145831,'Good','480p'),(419,'mobile',145906,'Good','480p'),(420,'basic',145981,'Good','480p'),(421,'basic',146056,'Good','480p'),(422,'standard',146131,'Better','1080p'),(423,'basic',146206,'Good','480p'),(424,'mobile',146281,'Good','480p'),(425,'premium',146356,'Best','4K+HDR'),(426,'basic',146432,'Good','480p'),(427,'standard',146507,'Better','1080p'),(428,'standard',146582,'Better','1080p'),(429,'basic',146657,'Good','480p'),(430,'premium',146732,'Best','4K+HDR'),(431,'basic',146807,'Good','480p'),(432,'basic',146882,'Good','480p'),(433,'premium',146957,'Best','4K+HDR'),(434,'premium',147032,'Best','4K+HDR'),(435,'standard',147107,'Better','1080p'),(436,'premium',147182,'Best','4K+HDR'),(437,'mobile',147258,'Good','480p'),(438,'basic',147333,'Good','480p'),(439,'mobile',147408,'Good','480p'),(440,'basic',147483,'Good','480p'),(441,'premium',147558,'Best','4K+HDR'),(442,'premium',147633,'Best','4K+HDR'),(443,'standard',147708,'Better','1080p'),(444,'premium',147783,'Best','4K+HDR'),(445,'basic',147858,'Good','480p'),(446,'premium',147933,'Best','4K+HDR'),(447,'standard',148008,'Better','1080p'),(448,'premium',148083,'Best','4K+HDR'),(449,'premium',148159,'Best','4K+HDR'),(450,'premium',148234,'Better','1080p');
/*!40000 ALTER TABLE `paket` ENABLE KEYS */;
UNLOCK TABLES;

--
-- Table structure for table `pembayaran`
--

DROP TABLE IF EXISTS `pembayaran`;
/*!40101 SET @saved_cs_client     = @@character_set_client */;
/*!50503 SET character_set_client = utf8mb4 */;
CREATE TABLE `pembayaran` (
  `id_pembayaran` int NOT NULL,
  `jenis_paket` varchar(15) DEFAULT NULL,
  `tanggal_pembayaran` date DEFAULT NULL,
  `metode_pembayaran` varchar(45) DEFAULT NULL,
  PRIMARY KEY (`id_pembayaran`),
  KEY `fk_pembayaran_detail_paket_idx` (`jenis_paket`),
  KEY `fk_pembayaran_detail_tanggal_idx` (`tanggal_pembayaran`),
  CONSTRAINT `fk_pembayaran_detail_paket` FOREIGN KEY (`jenis_paket`) REFERENCES `detail_paket` (`jenis_paket`),
  CONSTRAINT `fk_pembayaran_detail_tanggal` FOREIGN KEY (`tanggal_pembayaran`) REFERENCES `detail_tanggal` (`tanggal_pembayaran`)
) ENGINE=InnoDB DEFAULT CHARSET=utf8mb4 COLLATE=utf8mb4_0900_ai_ci;
/*!40101 SET character_set_client = @saved_cs_client */;

--
-- Dumping data for table `pembayaran`
--

LOCK TABLES `pembayaran` WRITE;
/*!40000 ALTER TABLE `pembayaran` DISABLE KEYS */;
INSERT INTO `pembayaran` VALUES (1,'premium','2021-01-01','giftcard'),(2,'standard','2021-01-02','giftcard'),(3,'premium','2021-01-03','kartukredit'),(4,'premium','2021-01-04','dompetdigital'),(5,'mobile','2021-01-05','dompetdigital'),(6,'premium','2021-01-06','kartukredit'),(7,'basic','2021-01-07','kartukredit'),(8,'standard','2021-01-08','kartukredit'),(9,'mobile','2021-01-09','giftcard'),(10,'standard','2021-01-10','dompetdigital'),(11,'basic','2021-01-11','giftcard'),(12,'premium','2021-01-12','giftcard'),(13,'standard','2021-01-13','dompetdigital'),(14,'mobile','2021-01-14','kartukredit'),(15,'mobile','2021-01-15','giftcard'),(16,'basic','2021-01-16','dompetdigital'),(17,'basic','2021-01-17','dompetdigital'),(18,'mobile','2021-01-18','giftcard'),(19,'premium','2021-01-19','dompetdigital'),(20,'premium','2021-01-20','dompetdigital'),(21,'mobile','2021-01-21','kartukredit'),(22,'premium','2021-01-22','giftcard'),(23,'mobile','2021-01-23','kartukredit'),(24,'premium','2021-01-24','giftcard'),(25,'basic','2021-01-25','giftcard'),(26,'standard','2021-01-26','giftcard'),(27,'basic','2021-01-27','dompetdigital'),(28,'standard','2021-01-28','dompetdigital'),(29,'mobile','2021-01-29','kartukredit'),(30,'mobile','2021-01-30','kartukredit'),(31,'premium','2021-01-31','dompetdigital'),(32,'standard','2021-02-01','kartukredit'),(33,'basic','2021-02-02','dompetdigital'),(34,'premium','2021-02-03','kartukredit'),(35,'premium','2021-02-04','giftcard'),(36,'standard','2021-02-05','dompetdigital'),(37,'basic','2021-02-06','dompetdigital'),(38,'basic','2021-02-07','dompetdigital'),(39,'mobile','2021-02-08','dompetdigital'),(40,'standard','2021-02-09','giftcard'),(41,'premium','2021-02-10','giftcard'),(42,'mobile','2021-02-11','kartukredit'),(43,'premium','2021-02-12','dompetdigital'),(44,'premium','2021-02-13','kartukredit'),(45,'basic','2021-02-14','dompetdigital'),(46,'basic','2021-02-15','dompetdigital'),(47,'standard','2021-02-16','dompetdigital'),(48,'standard','2021-02-17','kartukredit'),(49,'standard','2021-02-18','kartukredit'),(50,'mobile','2021-02-19','dompetdigital'),(51,'basic','2021-02-20','dompetdigital'),(52,'premium','2021-02-21','kartukredit'),(53,'standard','2021-02-22','dompetdigital'),(54,'premium','2021-02-23','giftcard'),(55,'premium','2021-02-24','dompetdigital'),(56,'mobile','2021-02-25','giftcard'),(57,'premium','2021-02-26','dompetdigital'),(58,'mobile','2021-02-27','giftcard'),(59,'basic','2021-02-28','kartukredit'),(60,'mobile','2021-03-01','giftcard'),(61,'standard','2021-03-02','dompetdigital'),(62,'mobile','2021-03-03','dompetdigital'),(63,'premium','2021-03-04','giftcard'),(64,'premium','2021-03-05','dompetdigital'),(65,'mobile','2021-03-06','kartukredit'),(66,'basic','2021-03-07','dompetdigital'),(67,'standard','2021-03-08','dompetdigital'),(68,'basic','2021-03-09','giftcard'),(69,'premium','2021-03-10','kartukredit'),(70,'standard','2021-03-11','kartukredit'),(71,'premium','2021-03-12','kartukredit'),(72,'basic','2021-03-13','dompetdigital'),(73,'premium','2021-03-14','dompetdigital'),(74,'standard','2021-03-15','kartukredit'),(75,'premium','2021-03-16','kartukredit'),(76,'basic','2021-03-17','kartukredit'),(77,'premium','2021-03-18','giftcard'),(78,'basic','2021-03-19','kartukredit'),(79,'standard','2021-03-20','kartukredit'),(80,'basic','2021-03-21','giftcard'),(81,'mobile','2021-03-22','dompetdigital'),(82,'mobile','2021-03-23','kartukredit'),(83,'standard','2021-03-24','dompetdigital'),(84,'basic','2021-03-25','kartukredit'),(85,'basic','2021-03-26','dompetdigital'),(86,'mobile','2021-03-27','kartukredit'),(87,'basic','2021-03-28','giftcard'),(88,'mobile','2021-03-29','dompetdigital'),(89,'premium','2021-03-30','giftcard'),(90,'basic','2021-03-31','giftcard'),(91,'mobile','2021-04-01','giftcard'),(92,'premium','2021-04-02','giftcard'),(93,'premium','2021-04-03','kartukredit'),(94,'premium','2021-04-04','kartukredit'),(95,'premium','2021-04-05','kartukredit'),(96,'premium','2021-04-06','dompetdigital'),(97,'basic','2021-04-07','giftcard'),(98,'basic','2021-04-08','giftcard'),(99,'standard','2021-04-09','giftcard'),(100,'standard','2021-04-10','giftcard'),(101,'basic','2021-04-11','giftcard'),(102,'premium','2021-04-12','kartukredit'),(103,'basic','2021-04-13','giftcard'),(104,'basic','2021-04-14','dompetdigital'),(105,'standard','2021-04-15','dompetdigital'),(106,'standard','2021-04-16','giftcard'),(107,'basic','2021-04-17','giftcard'),(108,'mobile','2021-04-18','giftcard'),(109,'standard','2021-04-19','kartukredit'),(110,'mobile','2021-04-20','kartukredit'),(111,'premium','2021-04-21','giftcard'),(112,'basic','2021-04-22','kartukredit'),(113,'standard','2021-04-23','giftcard'),(114,'basic','2021-04-24','kartukredit'),(115,'standard','2021-04-25','giftcard'),(116,'mobile','2021-04-26','kartukredit'),(117,'premium','2021-04-27','kartukredit'),(118,'basic','2021-04-28','dompetdigital'),(119,'mobile','2021-04-29','giftcard'),(120,'basic','2021-04-30','giftcard'),(121,'basic','2021-05-01','giftcard'),(122,'standard','2021-05-02','kartukredit'),(123,'basic','2021-05-03','kartukredit'),(124,'mobile','2021-05-04','kartukredit'),(125,'premium','2021-05-05','giftcard'),(126,'basic','2021-05-06','kartukredit'),(127,'standard','2021-05-07','giftcard'),(128,'standard','2021-05-08','giftcard'),(129,'basic','2021-05-09','dompetdigital'),(130,'premium','2021-05-10','giftcard'),(131,'basic','2021-05-11','giftcard'),(132,'basic','2021-05-12','kartukredit'),(133,'premium','2021-05-13','kartukredit'),(134,'premium','2021-05-14','kartukredit'),(135,'standard','2021-05-15','kartukredit'),(136,'premium','2021-05-16','giftcard'),(137,'mobile','2021-05-17','kartukredit'),(138,'basic','2021-05-18','dompetdigital'),(139,'mobile','2021-05-19','giftcard'),(140,'basic','2021-05-20','giftcard'),(141,'premium','2021-05-21','kartukredit'),(142,'premium','2021-05-22','kartukredit'),(143,'standard','2021-05-23','dompetdigital'),(144,'premium','2021-05-24','giftcard'),(145,'basic','2021-05-25','giftcard'),(146,'premium','2021-05-26','giftcard'),(147,'standard','2021-05-27','giftcard'),(148,'premium','2021-05-28','dompetdigital'),(149,'premium','2021-05-29','kartukredit'),(150,'premium','2021-05-30','kartukredit'),(151,'premium','2021-05-31','kartukredit'),(152,'standard','2021-06-01','kartukredit'),(153,'premium','2021-06-02','kartukredit'),(154,'premium','2021-06-03','kartukredit'),(155,'mobile','2021-06-04','kartukredit'),(156,'premium','2021-06-05','kartukredit'),(157,'basic','2021-06-06','kartukredit'),(158,'standard','2021-06-07','kartukredit'),(159,'mobile','2021-06-08','kartukredit'),(160,'standard','2021-06-09','kartukredit'),(161,'basic','2021-06-10','kartukredit'),(162,'premium','2021-06-11','kartukredit'),(163,'standard','2021-06-12','kartukredit'),(164,'mobile','2021-06-13','kartukredit'),(165,'mobile','2021-06-14','kartukredit'),(166,'basic','2021-06-15','kartukredit'),(167,'basic','2021-06-16','kartukredit'),(168,'mobile','2021-06-17','kartukredit'),(169,'premium','2021-06-18','kartukredit'),(170,'premium','2021-06-19','kartukredit'),(171,'mobile','2021-06-20','kartukredit'),(172,'premium','2021-06-21','kartukredit'),(173,'mobile','2021-06-22','kartukredit'),(174,'premium','2021-06-23','kartukredit'),(175,'basic','2021-06-24','kartukredit'),(176,'standard','2021-06-25','kartukredit'),(177,'basic','2021-06-26','kartukredit'),(178,'standard','2021-06-27','kartukredit'),(179,'mobile','2021-06-28','kartukredit'),(180,'mobile','2021-06-29','kartukredit'),(181,'premium','2021-06-30','kartukredit'),(182,'standard','2021-07-01','kartukredit'),(183,'basic','2021-07-02','kartukredit'),(184,'premium','2021-07-03','kartukredit'),(185,'premium','2021-07-04','kartukredit'),(186,'standard','2021-07-05','kartukredit'),(187,'basic','2021-07-06','kartukredit'),(188,'basic','2021-07-07','kartukredit'),(189,'mobile','2021-07-08','kartukredit'),(190,'standard','2021-07-09','kartukredit'),(191,'premium','2021-07-10','kartukredit'),(192,'mobile','2021-07-11','kartukredit'),(193,'premium','2021-07-12','kartukredit'),(194,'premium','2021-07-13','kartukredit'),(195,'basic','2021-07-14','kartukredit'),(196,'basic','2021-07-15','kartukredit'),(197,'standard','2021-07-16','kartukredit'),(198,'standard','2021-07-17','kartukredit'),(199,'standard','2021-07-18','kartukredit'),(200,'mobile','2021-07-19','kartukredit'),(201,'basic','2021-07-20','kartukredit'),(202,'premium','2021-07-21','kartukredit'),(203,'standard','2021-07-22','kartukredit'),(204,'premium','2021-07-23','kartukredit'),(205,'premium','2021-07-24','kartukredit'),(206,'mobile','2021-07-25','kartukredit'),(207,'premium','2021-07-26','kartukredit'),(208,'mobile','2021-07-27','kartukredit'),(209,'basic','2021-07-28','kartukredit'),(210,'mobile','2021-07-29','kartukredit'),(211,'standard','2021-07-30','kartukredit'),(212,'mobile','2021-07-31','kartukredit'),(213,'premium','2021-08-01','kartukredit'),(214,'premium','2021-08-02','kartukredit'),(215,'mobile','2021-08-03','kartukredit'),(216,'basic','2021-08-04','kartukredit'),(217,'standard','2021-08-05','kartukredit'),(218,'basic','2021-08-06','kartukredit'),(219,'premium','2021-08-07','kartukredit'),(220,'standard','2021-08-08','kartukredit'),(221,'premium','2021-08-09','kartukredit'),(222,'basic','2021-08-10','kartukredit'),(223,'premium','2021-08-11','kartukredit'),(224,'standard','2021-08-12','kartukredit'),(225,'premium','2021-08-13','kartukredit'),(226,'basic','2021-08-14','kartukredit'),(227,'premium','2021-08-15','kartukredit'),(228,'basic','2021-08-16','kartukredit'),(229,'standard','2021-08-17','kartukredit'),(230,'basic','2021-08-18','kartukredit'),(231,'mobile','2021-08-19','kartukredit'),(232,'mobile','2021-08-20','kartukredit'),(233,'standard','2021-08-21','kartukredit'),(234,'basic','2021-08-22','kartukredit'),(235,'basic','2021-08-23','kartukredit'),(236,'mobile','2021-08-24','kartukredit'),(237,'basic','2021-08-25','kartukredit'),(238,'mobile','2021-08-26','kartukredit'),(239,'premium','2021-08-27','kartukredit'),(240,'basic','2021-08-28','kartukredit'),(241,'mobile','2021-08-29','kartukredit'),(242,'premium','2021-08-30','kartukredit'),(243,'premium','2021-08-31','kartukredit'),(244,'premium','2021-09-01','kartukredit'),(245,'premium','2021-09-02','kartukredit'),(246,'premium','2021-09-03','kartukredit'),(247,'basic','2021-09-04','kartukredit'),(248,'basic','2021-09-05','kartukredit'),(249,'standard','2021-09-06','giftcard'),(250,'standard','2021-09-07','giftcard'),(251,'basic','2021-09-08','giftcard'),(252,'premium','2021-09-09','giftcard'),(253,'basic','2021-09-10','giftcard'),(254,'basic','2021-09-11','giftcard'),(255,'standard','2021-09-12','giftcard'),(256,'standard','2021-09-13','giftcard'),(257,'basic','2021-09-14','giftcard'),(258,'mobile','2021-09-15','giftcard'),(259,'standard','2021-09-16','giftcard'),(260,'mobile','2021-09-17','giftcard'),(261,'premium','2021-09-18','giftcard'),(262,'basic','2021-09-19','giftcard'),(263,'standard','2021-09-20','giftcard'),(264,'basic','2021-09-21','giftcard'),(265,'standard','2021-09-22','giftcard'),(266,'mobile','2021-09-23','giftcard'),(267,'premium','2021-09-24','giftcard'),(268,'basic','2021-09-25','giftcard'),(269,'mobile','2021-09-26','giftcard'),(270,'basic','2021-09-27','giftcard'),(271,'basic','2021-09-28','giftcard'),(272,'standard','2021-09-29','giftcard'),(273,'basic','2021-09-30','giftcard'),(274,'mobile','2021-10-01','giftcard'),(275,'premium','2021-10-02','giftcard'),(276,'basic','2021-10-03','giftcard'),(277,'standard','2021-10-04','giftcard'),(278,'standard','2021-10-05','giftcard'),(279,'basic','2021-10-06','giftcard'),(280,'premium','2021-10-07','giftcard'),(281,'basic','2021-10-08','giftcard'),(282,'basic','2021-10-09','giftcard'),(283,'premium','2021-10-10','giftcard'),(284,'premium','2021-10-11','giftcard'),(285,'standard','2021-10-12','giftcard'),(286,'premium','2021-10-13','giftcard'),(287,'mobile','2021-10-14','giftcard'),(288,'basic','2021-10-15','giftcard'),(289,'mobile','2021-10-16','giftcard'),(290,'basic','2021-10-17','giftcard'),(291,'premium','2021-10-18','giftcard'),(292,'premium','2021-10-19','giftcard'),(293,'standard','2021-10-20','giftcard'),(294,'premium','2021-10-21','giftcard'),(295,'basic','2021-10-22','giftcard'),(296,'premium','2021-10-23','giftcard'),(297,'standard','2021-10-24','giftcard'),(298,'premium','2021-10-25','giftcard'),(299,'premium','2021-10-26','giftcard'),(300,'premium','2021-10-27','giftcard'),(301,'premium','2021-10-28','giftcard'),(302,'standard','2021-10-29','giftcard'),(303,'premium','2021-10-30','giftcard'),(304,'premium','2021-10-31','giftcard'),(305,'mobile','2021-11-01','giftcard'),(306,'premium','2021-11-02','giftcard'),(307,'basic','2021-11-03','giftcard'),(308,'standard','2021-11-04','giftcard'),(309,'mobile','2021-11-05','giftcard'),(310,'standard','2021-11-06','giftcard'),(311,'basic','2021-11-07','giftcard'),(312,'premium','2021-11-08','giftcard'),(313,'standard','2021-11-09','giftcard'),(314,'mobile','2021-11-10','giftcard'),(315,'mobile','2021-11-11','giftcard'),(316,'basic','2021-11-12','giftcard'),(317,'basic','2021-11-13','giftcard'),(318,'mobile','2021-11-14','giftcard'),(319,'premium','2021-11-15','giftcard'),(320,'premium','2021-11-16','giftcard'),(321,'mobile','2021-11-17','giftcard'),(322,'premium','2021-11-18','giftcard'),(323,'mobile','2021-11-19','giftcard'),(324,'premium','2021-11-20','giftcard'),(325,'basic','2021-11-21','giftcard'),(326,'standard','2021-11-22','giftcard'),(327,'basic','2021-11-23','giftcard'),(328,'standard','2021-11-24','giftcard'),(329,'mobile','2021-11-25','giftcard'),(330,'mobile','2021-11-26','giftcard'),(331,'premium','2021-11-27','giftcard'),(332,'standard','2021-11-28','giftcard'),(333,'basic','2021-11-29','giftcard'),(334,'premium','2021-11-30','giftcard'),(335,'premium','2021-12-01','giftcard'),(336,'standard','2021-12-02','giftcard'),(337,'basic','2021-12-03','giftcard'),(338,'basic','2021-12-04','giftcard'),(339,'mobile','2021-12-05','giftcard'),(340,'standard','2021-12-06','giftcard'),(341,'premium','2021-12-07','giftcard'),(342,'mobile','2021-12-08','giftcard'),(343,'premium','2021-12-09','giftcard'),(344,'premium','2021-12-10','giftcard'),(345,'basic','2021-12-11','dompetdigital'),(346,'basic','2021-12-12','dompetdigital'),(347,'standard','2021-12-13','dompetdigital'),(348,'standard','2021-12-14','dompetdigital'),(349,'standard','2021-12-15','dompetdigital'),(350,'mobile','2021-12-16','dompetdigital'),(351,'basic','2021-12-17','dompetdigital'),(352,'premium','2021-12-18','dompetdigital'),(353,'standard','2021-12-19','dompetdigital'),(354,'premium','2021-12-20','dompetdigital'),(355,'premium','2021-12-21','dompetdigital'),(356,'mobile','2021-12-22','dompetdigital'),(357,'premium','2021-12-23','dompetdigital'),(358,'mobile','2021-12-24','dompetdigital'),(359,'basic','2021-12-25','dompetdigital'),(360,'mobile','2021-12-26','dompetdigital'),(361,'standard','2021-12-27','dompetdigital'),(362,'mobile','2021-12-28','dompetdigital'),(363,'premium','2021-12-29','dompetdigital'),(364,'premium','2021-12-30','dompetdigital'),(365,'mobile','2021-12-31','dompetdigital'),(366,'basic','2022-01-01','dompetdigital'),(367,'standard','2022-01-02','dompetdigital'),(368,'basic','2022-01-03','dompetdigital'),(369,'premium','2022-01-04','dompetdigital'),(370,'standard','2022-01-05','dompetdigital'),(371,'premium','2022-01-06','dompetdigital'),(372,'basic','2022-01-07','dompetdigital'),(373,'premium','2022-01-08','dompetdigital'),(374,'standard','2022-01-09','dompetdigital'),(375,'premium','2022-01-10','dompetdigital'),(376,'basic','2022-01-11','dompetdigital'),(377,'premium','2022-01-12','dompetdigital'),(378,'basic','2022-01-13','dompetdigital'),(379,'standard','2022-01-14','dompetdigital'),(380,'basic','2022-01-15','dompetdigital'),(381,'mobile','2022-01-16','dompetdigital'),(382,'mobile','2022-01-17','dompetdigital'),(383,'standard','2022-01-18','dompetdigital'),(384,'basic','2022-01-19','dompetdigital'),(385,'basic','2022-01-20','dompetdigital'),(386,'mobile','2022-01-21','dompetdigital'),(387,'basic','2022-01-22','dompetdigital'),(388,'mobile','2022-01-23','dompetdigital'),(389,'premium','2022-01-24','dompetdigital'),(390,'basic','2022-01-25','dompetdigital'),(391,'mobile','2022-01-26','dompetdigital'),(392,'premium','2022-01-27','dompetdigital'),(393,'premium','2022-01-28','dompetdigital'),(394,'premium','2022-01-29','dompetdigital'),(395,'premium','2022-01-30','dompetdigital'),(396,'premium','2022-01-31','dompetdigital'),(397,'basic','2022-02-01','dompetdigital'),(398,'basic','2022-02-02','dompetdigital'),(399,'standard','2022-02-03','dompetdigital'),(400,'standard','2022-02-04','dompetdigital'),(401,'basic','2022-02-05','dompetdigital'),(402,'premium','2022-02-06','dompetdigital'),(403,'basic','2022-02-07','dompetdigital'),(404,'basic','2022-02-08','dompetdigital'),(405,'standard','2022-02-09','dompetdigital'),(406,'standard','2022-02-10','dompetdigital'),(407,'basic','2022-02-11','dompetdigital'),(408,'mobile','2022-02-12','dompetdigital'),(409,'standard','2022-02-13','dompetdigital'),(410,'mobile','2022-02-14','dompetdigital'),(411,'premium','2022-02-15','dompetdigital'),(412,'basic','2022-02-16','dompetdigital'),(413,'standard','2022-02-17','dompetdigital'),(414,'basic','2022-02-18','dompetdigital'),(415,'standard','2022-02-19','dompetdigital'),(416,'mobile','2022-02-20','dompetdigital'),(417,'premium','2022-02-21','dompetdigital'),(418,'basic','2022-02-22','dompetdigital'),(419,'mobile','2022-02-23','dompetdigital'),(420,'basic','2022-02-24','dompetdigital'),(421,'basic','2022-02-25','dompetdigital'),(422,'standard','2022-02-26','dompetdigital'),(423,'basic','2022-02-27','dompetdigital'),(424,'mobile','2022-02-28','dompetdigital'),(425,'premium','2022-03-01','dompetdigital'),(426,'basic','2022-03-02','dompetdigital'),(427,'standard','2022-03-03','dompetdigital'),(428,'standard','2022-03-04','dompetdigital'),(429,'basic','2022-03-05','dompetdigital'),(430,'premium','2022-03-06','dompetdigital'),(431,'basic','2022-03-07','dompetdigital'),(432,'basic','2022-03-08','dompetdigital'),(433,'premium','2022-03-09','dompetdigital'),(434,'premium','2022-03-10','dompetdigital'),(435,'standard','2022-03-11','dompetdigital'),(436,'premium','2022-03-12','dompetdigital'),(437,'mobile','2022-03-13','dompetdigital'),(438,'basic','2022-03-14','dompetdigital'),(439,'mobile','2022-03-15','dompetdigital'),(440,'basic','2022-03-16','dompetdigital'),(441,'premium','2022-03-17','dompetdigital'),(442,'premium','2022-03-18','dompetdigital'),(443,'standard','2022-03-19','dompetdigital'),(444,'premium','2022-03-20','dompetdigital'),(445,'basic','2022-03-21','dompetdigital'),(446,'premium','2022-03-22','dompetdigital'),(447,'standard','2022-03-23','dompetdigital'),(448,'premium','2022-03-24','dompetdigital'),(449,'premium','2022-03-25','dompetdigital'),(450,'premium','2022-03-26','dompetdigital');
/*!40000 ALTER TABLE `pembayaran` ENABLE KEYS */;
UNLOCK TABLES;

--
-- Table structure for table `pembayarankk`
--

DROP TABLE IF EXISTS `pembayarankk`;
/*!40101 SET @saved_cs_client     = @@character_set_client */;
/*!50503 SET character_set_client = utf8mb4 */;
CREATE TABLE `pembayarankk` (
  `id_pembayaran` int NOT NULL,
  `jenis_kartu` varchar(45) DEFAULT NULL,
  `no_kartu` varchar(10) DEFAULT NULL,
  PRIMARY KEY (`id_pembayaran`),
  KEY `fk_pembayarankk_jenis_kartu_idx` (`jenis_kartu`),
  KEY `fk_pembayarankk_no_kartu` (`no_kartu`),
  CONSTRAINT `fk_pembayarankk_jenis_kartu` FOREIGN KEY (`jenis_kartu`) REFERENCES `detail_kartu` (`jenis_kartu`),
  CONSTRAINT `fk_pembayarankk_no_kartu` FOREIGN KEY (`no_kartu`) REFERENCES `detail_kartu` (`no_kartu`),
  CONSTRAINT `fk_pembayarankk_pembayaran` FOREIGN KEY (`id_pembayaran`) REFERENCES `pembayaran` (`id_pembayaran`)
) ENGINE=InnoDB DEFAULT CHARSET=utf8mb4 COLLATE=utf8mb4_0900_ai_ci;
/*!40101 SET character_set_client = @saved_cs_client */;

--
-- Dumping data for table `pembayarankk`
--

LOCK TABLES `pembayarankk` WRITE;
/*!40000 ALTER TABLE `pembayarankk` DISABLE KEYS */;
INSERT INTO `pembayarankk` VALUES (3,'american_express','3563789616'),(6,'american_express','4595553495'),(7,'visa','2391415265'),(8,'mastercard','9187272378'),(14,'visa','1093920856'),(21,'mastercard','8788102936'),(23,'visa','9611403044'),(29,'mastercard','7207863393'),(30,'visa','2300357282'),(32,'mastercard','9465297146'),(34,'visa','9677975131'),(42,'mastercard','9849061464'),(44,'american_express','3932176323'),(48,'mastercard','2726808633'),(49,'american_express','9929542793'),(52,'visa','2884754118'),(59,'mastercard','9825505444'),(65,'visa','5738869747'),(69,'visa','7255434663'),(70,'mastercard','8579478943'),(71,'mastercard','4046993177'),(74,'mastercard','2434174020'),(75,'american_express','6251995032'),(76,'mastercard','5009144534'),(78,'visa','1022453040'),(79,'visa','4590039921'),(82,'visa','8885057692'),(84,'mastercard','5690513610'),(86,'visa','6083895715'),(93,'american_express','3663975528'),(94,'mastercard','6775852068'),(95,'american_express','3300870804'),(102,'american_express','8510960667'),(109,'visa','4684255455'),(110,'visa','1854241215'),(112,'american_express','8733786459'),(114,'american_express','9927236491'),(116,'american_express','2728453421'),(117,'visa','3900658262'),(122,'visa','7277899428'),(123,'mastercard','4928113750'),(124,'mastercard','7050069860'),(126,'american_express','1508329956'),(132,'american_express','1001008814'),(133,'visa','5583502381'),(134,'visa','3354290450'),(135,'american_express','4102102528'),(137,'american_express','9015137487'),(141,'american_express','2983890863'),(142,'visa','6206697543'),(149,'mastercard','9583568400'),(150,'visa','1163902045'),(151,'american_express','7462830611'),(152,'american_express','4903663854'),(153,'visa','4240126362'),(154,'visa','3487918687'),(155,'mastercard','5925334001'),(156,'mastercard','2960063961'),(157,'american_express','4170099333'),(158,'american_express','6381294917'),(159,'visa','8750110961'),(160,'visa','3653490879'),(161,'american_express','7475502148'),(162,'american_express','2953989492'),(163,'american_express','5072710963'),(164,'visa','1057235496'),(165,'american_express','1864467838'),(166,'american_express','8490001285'),(167,'visa','2312802875'),(168,'visa','1175542130'),(169,'mastercard','6929708847'),(170,'mastercard','7123128545'),(171,'american_express','7435825693'),(172,'american_express','7384996796'),(173,'visa','9022341205'),(174,'visa','2003305982'),(175,'american_express','1502826136'),(176,'american_express','7225403564'),(177,'american_express','2976369885'),(178,'visa','2588105710'),(179,'mastercard','5126955129'),(180,'visa','4792843791'),(181,'mastercard','1176534362'),(182,'american_express','2069632986'),(183,'american_express','1633428780'),(184,'visa','3010718858'),(185,'visa','3138536061'),(186,'mastercard','9913454986'),(187,'mastercard','8823890920'),(188,'american_express','4557349361'),(189,'american_express','4788040087'),(190,'visa','7972234408'),(191,'visa','9245189914'),(192,'american_express','3136506109'),(193,'american_express','2874696338'),(194,'american_express','1938100963'),(195,'visa','6349574139'),(196,'mastercard','7732322840'),(197,'visa','3447896879'),(198,'mastercard','6771015779'),(199,'visa','5051028083'),(200,'mastercard','3762568336'),(201,'visa','9068937139'),(202,'visa','4307623198'),(203,'visa','2565268756'),(204,'mastercard','6392709067'),(205,'visa','9302726264'),(206,'american_express','4356173288'),(207,'mastercard','2329322948'),(208,'mastercard','9580751644'),(209,'visa','9033323954'),(210,'visa','6703485064'),(211,'visa','1438492359'),(212,'mastercard','3727156932'),(213,'visa','9742284411'),(214,'american_express','9306614328'),(215,'mastercard','5169661946'),(216,'mastercard','7407276590'),(217,'american_express','5122888880'),(218,'mastercard','1940796902'),(219,'american_express','1915458964'),(220,'visa','3900084670'),(221,'mastercard','8035073976'),(222,'visa','6939906687'),(223,'visa','9140176138'),(224,'mastercard','6826162050'),(225,'mastercard','2074286182'),(226,'mastercard','1380770482'),(227,'american_express','7600008623'),(228,'mastercard','4886763225'),(229,'visa','7690825123'),(230,'visa','8850892023'),(231,'visa','7516863513'),(232,'mastercard','7029275879'),(233,'visa','8997571229'),(234,'american_express','5661926532'),(235,'mastercard','9391560439'),(236,'american_express','2186472886'),(237,'american_express','9838114243'),(238,'visa','1140289297'),(239,'visa','4853851068'),(240,'visa','3337277311'),(241,'american_express','2305148700'),(242,'mastercard','2093703425'),(243,'american_express','2949237523'),(244,'american_express','2255359818'),(245,'visa','9636885732'),(246,'mastercard','9827577374'),(247,'mastercard','2847428816'),(248,'mastercard','1386687306');
/*!40000 ALTER TABLE `pembayarankk` ENABLE KEYS */;
UNLOCK TABLES;

--
-- Table structure for table `pengguna`
--

DROP TABLE IF EXISTS `pengguna`;
/*!40101 SET @saved_cs_client     = @@character_set_client */;
/*!50503 SET character_set_client = utf8mb4 */;
CREATE TABLE `pengguna` (
  `id_pengguna` int NOT NULL,
  `email` varchar(60) DEFAULT NULL,
  `id_pembayaran` int DEFAULT NULL,
  PRIMARY KEY (`id_pengguna`),
  KEY `fk_pengguna_email_idx` (`email`),
  KEY `fk_pengguna_pembayaran_idx` (`id_pembayaran`),
  CONSTRAINT `fk_pengguna_email` FOREIGN KEY (`email`) REFERENCES `detail_email` (`email`),
  CONSTRAINT `fk_pengguna_pembayaran` FOREIGN KEY (`id_pembayaran`) REFERENCES `pembayaran` (`id_pembayaran`)
) ENGINE=InnoDB DEFAULT CHARSET=utf8mb4 COLLATE=utf8mb4_0900_ai_ci;
/*!40101 SET character_set_client = @saved_cs_client */;

--
-- Dumping data for table `pengguna`
--

LOCK TABLES `pengguna` WRITE;
/*!40000 ALTER TABLE `pengguna` DISABLE KEYS */;
INSERT INTO `pengguna` VALUES (1,'emoisey0@reference.com',1),(2,'tlydiatt1@surveymonkey.com',2),(3,'rcockerton2@tripod.com',3),(4,'rsudworth3@e-recht24.de',4),(5,'mtisor4@dailymail.co.uk',5),(6,'lmatt5@illinois.edu',6),(7,'gcosty6@deviantart.com',7),(8,'ecouser7@dagondesign.com',8),(9,'sbottrill8@sciencedirect.com',9),(10,'dbilbie9@mail.ru',10),(11,'mkeeleya@tumblr.com',11),(12,'jtemplarb@vimeo.com',12),(13,'ccatterallc@lulu.com',13),(14,'ttremblayd@dot.gov',14),(15,'dpersente@cnbc.com',15),(16,'atarbertf@lulu.com',16),(17,'mwindybankg@arizona.edu',17),(18,'hjobinh@icq.com',18),(19,'obartrapi@wp.com',19),(20,'tcurriej@livejournal.com',20),(21,'uloukesk@netlog.com',21),(22,'cperigeauxl@google.co.jp',22),(23,'krueggm@merriam-webster.com',23),(24,'lgoodn@sogou.com',24),(25,'wmeugenso@so-net.ne.jp',25),(26,'imenatp@mac.com',26),(27,'hbowlingq@360.cn',27),(28,'rearthfieldr@bloglines.com',28),(29,'bneichos@deliciousdays.com',29),(30,'rkhadirt@businessinsider.com',30),(31,'gkentishu@army.mil',31),(32,'flutonv@latimes.com',32),(33,'thanveyw@cnbc.com',33),(34,'tdykesx@howstuffworks.com',34),(35,'hgoodredgey@ox.ac.uk',35),(36,'asnibsonz@blog.com',36),(37,'vigglesden10@economist.com',37),(38,'sgregorace11@wikimedia.org',38),(39,'djann12@nsw.gov.au',39),(40,'gjedrzejczyk13@dailymail.co.uk',40),(41,'jrevington14@hc360.com',41),(42,'acreeber15@newyorker.com',42),(43,'acluderay16@surveymonkey.com',43),(44,'jkingsly17@prlog.org',44),(45,'zgrut18@springer.com',45),(46,'amegainey19@angelfire.com',46),(47,'mgerritzen1a@biglobe.ne.jp',47),(48,'mmosby1b@t-online.de',48),(49,'amilsted1c@spotify.com',49),(50,'dglozman1d@amazon.co.jp',50),(51,'hyuryev1e@usda.gov',51),(52,'gutridge1f@go.com',52),(53,'mbursell1g@globo.com',53),(54,'mceaplen1h@nifty.com',54),(55,'dbeine1i@cnn.com',55),(56,'ebriat1j@blogger.com',56),(57,'wgirardot1k@wix.com',57),(58,'tmorson1l@cbc.ca',58),(59,'sfifield1m@bravesites.com',59),(60,'llocke1n@senate.gov',60),(61,'dthornebarrow1o@wikispaces.com',61),(62,'mchrstine1p@columbia.edu',62),(63,'akibbe1q@purevolume.com',63),(64,'agiffin1r@tumblr.com',64),(65,'fgodsil1s@issuu.com',65),(66,'hsobieski1t@odnoklassniki.ru',66),(67,'loakton1u@cyberchimps.com',67),(68,'ccamelli1v@wordpress.com',68),(69,'jrobbings1w@surveymonkey.com',69),(70,'tcanedo1x@berkeley.edu',70),(71,'rbeardsall1y@engadget.com',71),(72,'rboyall1z@spiegel.de',72),(73,'phazlegrove20@xinhuanet.com',73),(74,'cinseal21@youtu.be',74),(75,'jdowers22@wired.com',75),(76,'lkamiyama23@surveymonkey.com',76),(77,'skebbell24@yale.edu',77),(78,'tvigietti25@dropbox.com',78),(79,'kdollman26@intel.com',79),(80,'eroels27@shareasale.com',80),(81,'agrattage28@umn.edu',81),(82,'fmenis29@techcrunch.com',82),(83,'acamfield2a@nba.com',83),(84,'balkins2b@symantec.com',84),(85,'wsutch2c@accuweather.com',85),(86,'bkilfeather2d@foxnews.com',86),(87,'cpitcaithly2e@wiley.com',87),(88,'xaimer2f@disqus.com',88),(89,'radame2g@indiegogo.com',89),(90,'pcarbery2h@hexun.com',90),(91,'kpenticoot2i@telegraph.co.uk',91),(92,'ndymond2j@photobucket.com',92),(93,'lyarnton2k@facebook.com',93),(94,'hklimashevich2l@sitemeter.com',94),(95,'wdivers2m@ycombinator.com',95),(96,'mbiaggetti2n@alexa.com',96),(97,'mcharlewood2o@discuz.net',97),(98,'mde2p@woothemes.com',98),(99,'mchambers2q@answers.com',99),(100,'mdunster2r@printfriendly.com',100),(101,'jfynn2s@paginegialle.it',101),(102,'rwhisson2t@furl.net',102),(103,'covery2u@51.la',103),(104,'kweatherup2v@slate.com',104),(105,'tbridywater2w@gov.uk',105),(106,'ggumb2x@comcast.net',106),(107,'mduckerin2y@ihg.com',107),(108,'adabes2z@tamu.edu',108),(109,'mdoughton30@omniture.com',109),(110,'ddallman31@washington.edu',110),(111,'dyanyshev32@home.pl',111),(112,'gfowlston33@drupal.org',112),(113,'alhommee34@phoca.cz',113),(114,'dbloxam35@google.nl',114),(115,'ndi36@themeforest.net',115),(116,'jgrigorushkin37@deviantart.com',116),(117,'adouthwaite38@yale.edu',117),(118,'hcarous39@furl.net',118),(119,'bscargle3a@flavors.me',119),(120,'sshann3b@fc2.com',120),(121,'kbilam3c@shutterfly.com',121),(122,'gsilly3d@fc2.com',122),(123,'wgilstoun3e@marriott.com',123),(124,'mfacher3f@stanford.edu',124),(125,'pjoncic3g@edublogs.org',125),(126,'mbrisse3h@jigsy.com',126),(127,'hbransden3i@uiuc.edu',127),(128,'hfleischer3j@fema.gov',128),(129,'egwyer3k@dot.gov',129),(130,'speto3l@clickbank.net',130),(131,'rsommerton3m@howstuffworks.com',131),(132,'ccrosston3n@google.fr',132),(133,'rfawson3o@examiner.com',133),(134,'ttooley3p@purevolume.com',134),(135,'wcoxall3q@alexa.com',135),(136,'mbigrigg3r@networkadvertising.org',136),(137,'bstorcke3s@nifty.com',137),(138,'hchidlow3t@shutterfly.com',138),(139,'rhaxell3u@aol.com',139),(140,'tjurkowski3v@cpanel.net',140),(141,'jmathew3w@independent.co.uk',141),(142,'aantosik3x@yellowpages.com',142),(143,'frudolfer3y@cdc.gov',143),(144,'dlindenbaum3z@webmd.com',144),(145,'fcaulket40@devhub.com',145),(146,'rmitkin41@reuters.com',146),(147,'apavlasek42@cmu.edu',147),(148,'lshapcott43@china.com.cn',148),(149,'dcavet44@fda.gov',149),(150,'rkilleen45@qq.com',150),(151,'icardenas46@facebook.com',151),(152,'tfellos47@facebook.com',152),(153,'tsommerland48@liveinternet.ru',153),(154,'oshillum49@aol.com',154),(155,'mdudman4a@oakley.com',155),(156,'nsokill4b@biblegateway.com',156),(157,'sfinding4c@cafepress.com',157),(158,'sgrinham4d@ucoz.com',158),(159,'dmeynell4e@sogou.com',159),(160,'pdrayson4f@spiegel.de',160),(161,'enewlin4g@omniture.com',161),(162,'fgreenfield4h@whitehouse.gov',162),(163,'shugle4i@gravatar.com',163),(164,'mwillman4j@ucsd.edu',164),(165,'bbladon4k@hp.com',165),(166,'trayment4l@umn.edu',166),(167,'hfarn4m@google.nl',167),(168,'bminkin4n@godaddy.com',168),(169,'glippiatt4o@xinhuanet.com',169),(170,'tpfeffle4p@miibeian.gov.cn',170),(171,'asalzburg4q@eventbrite.com',171),(172,'jneasam4r@odnoklassniki.ru',172),(173,'qhalladey4s@goo.ne.jp',173),(174,'wdemsey4t@eepurl.com',174),(175,'ccalcutt4u@1und1.de',175),(176,'amenault4v@sfgate.com',176),(177,'etuckwell4w@springer.com',177),(178,'hbedow4x@google.cn',178),(179,'cmatous4y@vkontakte.ru',179),(180,'pberrisford4z@mysql.com',180),(181,'ble50@weibo.com',181),(182,'ljira51@1688.com',182),(183,'dwhitebrook52@wikipedia.org',183),(184,'fgrimsdale53@umn.edu',184),(185,'rhatherall54@time.com',185),(186,'lainsley55@furl.net',186),(187,'vdaintith56@ezinearticles.com',187),(188,'jheyball57@blogs.com',188),(189,'hmcgucken58@earthlink.net',189),(190,'avan59@addthis.com',190),(191,'cranahan5a@last.fm',191),(192,'gnoon5b@studiopress.com',192),(193,'jchiommienti5c@oakley.com',193),(194,'shymer5d@exblog.jp',194),(195,'hbahlmann5e@typepad.com',195),(196,'kkear5f@prnewswire.com',196),(197,'dandress5g@imdb.com',197),(198,'ciddens5h@yellowbook.com',198),(199,'ywickham5i@answers.com',199),(200,'ggoldstone5j@taobao.com',200),(201,'hklimentov5k@ifeng.com',201),(202,'jrowlatt5l@dagondesign.com',202),(203,'inance5m@craigslist.org',203),(204,'grainger5n@ehow.com',204),(205,'tsheirlaw5o@ustream.tv',205),(206,'emival5p@bizjournals.com',206),(207,'caucourte5q@adobe.com',207),(208,'lmanie5r@delicious.com',208),(209,'bgrazier5s@is.gd',209),(210,'gkaye5t@alexa.com',210),(211,'ciacobo5u@cnbc.com',211),(212,'ekann5v@bravesites.com',212),(213,'syouel5w@live.com',213),(214,'pduncan5x@webs.com',214),(215,'gbarszczewski5y@webnode.com',215),(216,'rcockayme5z@businesswire.com',216),(217,'afishe60@feedburner.com',217),(218,'wjouhandeau61@hhs.gov',218),(219,'vrohlfing62@cdc.gov',219),(220,'mleverich63@mashable.com',220),(221,'grawe64@vistaprint.com',221),(222,'wlantiff65@1688.com',222),(223,'cshortin66@goo.gl',223),(224,'crhucroft67@foxnews.com',224),(225,'hschneidau68@sfgate.com',225),(226,'vyglesia69@mapquest.com',226),(227,'kbattany6a@weather.com',227),(228,'echesswas6b@flavors.me',228),(229,'twearing6c@techcrunch.com',229),(230,'ckirrens6d@intel.com',230),(231,'bmatton6e@oaic.gov.au',231),(232,'ctamblyn6f@alexa.com',232),(233,'lbalshaw6g@quantcast.com',233),(234,'remburey6h@geocities.jp',234),(235,'kkenderdine6i@wired.com',235),(236,'mcobbled6j@bbc.co.uk',236),(237,'rmartignoni6k@dell.com',237),(238,'nupfold6l@feedburner.com',238),(239,'icuttle6m@ted.com',239),(240,'blinfoot6n@nhs.uk',240),(241,'dveldens6o@alexa.com',241),(242,'ndoohey6p@howstuffworks.com',242),(243,'bbigglestone6q@vinaora.com',243),(244,'oyearsley6r@blogs.com',244),(245,'dcottu6s@loc.gov',245),(246,'gtapply6t@goo.ne.jp',246),(247,'posheilds6u@discovery.com',247),(248,'sdullard6v@bbc.co.uk',248),(249,'abrandassi6w@cornell.edu',249),(250,'ssynnot6x@npr.org',250),(251,'cfiddyment6y@php.net',251),(252,'csprules6z@free.fr',252),(253,'mcholwell70@youtu.be',253),(254,'afoote71@economist.com',254),(255,'lradloff72@ft.com',255),(256,'aforstall73@twitpic.com',256),(257,'bstanyon74@pinterest.com',257),(258,'lcattellion75@behance.net',258),(259,'lschimoni76@unblog.fr',259),(260,'lbottinelli77@yale.edu',260),(261,'kabels78@nbcnews.com',261),(262,'lrhead79@wikia.com',262),(263,'gzavittieri7a@wordpress.org',263),(264,'mtuffley7b@w3.org',264),(265,'ukildahl7c@mediafire.com',265),(266,'lbeardon7d@ibm.com',266),(267,'rphateplace7e@baidu.com',267),(268,'broskell7f@themeforest.net',268),(269,'amowne7g@addtoany.com',269),(270,'plaight7h@dedecms.com',270),(271,'smarkovic7i@webmd.com',271),(272,'cvinecombe7j@paypal.com',272),(273,'eabramovic7k@abc.net.au',273),(274,'owyrill7l@merriam-webster.com',274),(275,'cgervaise7m@qq.com',275),(276,'cferran7n@nps.gov',276),(277,'noggers7o@blinklist.com',277),(278,'dmatiewe7p@theguardian.com',278),(279,'isheering7q@nyu.edu',279),(280,'jweare7r@globo.com',280),(281,'wsycamore7s@thetimes.co.uk',281),(282,'fgipp7t@toplist.cz',282),(283,'thadleigh7u@tripadvisor.com',283),(284,'aripsher7v@sciencedirect.com',284),(285,'kgioan7w@independent.co.uk',285),(286,'irobley7x@geocities.jp',286),(287,'jaxelbey7y@utexas.edu',287),(288,'efeasey7z@sciencedaily.com',288),(289,'jgero80@ucsd.edu',289),(290,'lpunshon81@un.org',290),(291,'icroad82@smugmug.com',291),(292,'tde83@amazon.com',292),(293,'mtrevorrow84@ted.com',293),(294,'cmardle85@mail.ru',294),(295,'cbucknall86@about.com',295),(296,'gstansall87@google.it',296),(297,'hbrosel88@youtube.com',297),(298,'dklimsch89@trellian.com',298),(299,'jdiddams8a@theatlantic.com',299),(300,'szoren8b@earthlink.net',300),(301,'rstormes8c@symantec.com',301),(302,'mprobert8d@uol.com.br',302),(303,'goldacres8e@wikimedia.org',303),(304,'lwinser8f@google.com.br',304),(305,'bminico8g@free.fr',305),(306,'rlackey8h@usgs.gov',306),(307,'naird8i@cnet.com',307),(308,'ftorrans8j@xrea.com',308),(309,'wbaurerich8k@xing.com',309),(310,'dkliner8l@sogou.com',310),(311,'bfeechum8m@merriam-webster.com',311),(312,'mkillik8n@sbwire.com',312),(313,'cmartina8o@github.com',313),(314,'aclimar8p@oracle.com',314),(315,'lgrimsell8q@boston.com',315),(316,'chardison8r@cnbc.com',316),(317,'lyedall8s@cbslocal.com',317),(318,'tlesor8t@live.com',318),(319,'zdrennan8u@webmd.com',319),(320,'icadd8v@artisteer.com',320),(321,'lburkin8w@homestead.com',321),(322,'rscandroot8x@sphinn.com',322),(323,'lbeckitt8y@ucoz.ru',323),(324,'fmannion8z@mediafire.com',324),(325,'bornells90@boston.com',325),(326,'atubritt91@amazon.de',326),(327,'kmassy92@tumblr.com',327),(328,'iskirvane93@lycos.com',328),(329,'ebellis94@naver.com',329),(330,'gwornum95@vkontakte.ru',330),(331,'cthombleson96@sfgate.com',331),(332,'sadams97@twitter.com',332),(333,'nelsip98@java.com',333),(334,'ndoeg99@skyrock.com',334),(335,'ggunter9a@ow.ly',335),(336,'ogrealy9b@alexa.com',336),(337,'lmarlor9c@diigo.com',337),(338,'morrell9d@alibaba.com',338),(339,'imil9e@wunderground.com',339),(340,'fcleyne9f@washington.edu',340),(341,'csimone9g@noaa.gov',341),(342,'mledgeway9h@altervista.org',342),(343,'ideeman9i@timesonline.co.uk',343),(344,'gjanousek9j@bloomberg.com',344),(345,'rplott9k@princeton.edu',345),(346,'phowood9l@examiner.com',346),(347,'sbartaletti9m@histats.com',347),(348,'ispraging9n@ox.ac.uk',348),(349,'jtreacher9o@gmpg.org',349),(350,'yroseblade9p@1688.com',350),(351,'bgallacher9q@reverbnation.com',351),(352,'ablazevic9r@hatena.ne.jp',352),(353,'hholson9s@java.com',353),(354,'jrosenvasser9t@goodreads.com',354),(355,'dstrang9u@g.co',355),(356,'ahaste9v@wordpress.com',356),(357,'dmaberley9w@sciencedirect.com',357),(358,'lshrimpton9x@youtube.com',358),(359,'rblackmuir9y@statcounter.com',359),(360,'vklimsch9z@acquirethisname.com',360),(361,'dstealya0@topsy.com',361),(362,'hpenberthya1@ihg.com',362),(363,'acasterota2@sphinn.com',363),(364,'cvana3@cdc.gov',364),(365,'acorzona4@who.int',365),(366,'vpuviaa5@nydailynews.com',366),(367,'joldforda6@chicagotribune.com',367),(368,'ereisenberga7@economist.com',368),(369,'cbellhama8@unblog.fr',369),(370,'mdurnilla9@php.net',370),(371,'wjuszkiewiczaa@auda.org.au',371),(372,'ngerhardtab@mediafire.com',372),(373,'ssussexac@tinypic.com',373),(374,'esturmanad@smugmug.com',374),(375,'swinterbottomae@google.com.br',375),(376,'hfraczekaf@businessinsider.com',376),(377,'gbogartag@digg.com',377),(378,'shaggathah@ftc.gov',378),(379,'hleythleyai@twitpic.com',379),(380,'afallowaj@privacy.gov.au',380),(381,'rtarverak@washington.edu',381),(382,'amarshallsayal@plala.or.jp',382),(383,'nsowersbyam@oracle.com',383),(384,'hnorkeran@reverbnation.com',384),(385,'jraffao@google.com',385),(386,'bcrepinap@friendfeed.com',386),(387,'rlountaq@icio.us',387),(388,'tschildar@typepad.com',388),(389,'barroas@indiatimes.com',389),(390,'djeannaudat@examiner.com',390),(391,'bikinau@dot.gov',391),(392,'mblacklaweav@facebook.com',392),(393,'dfanneraw@earthlink.net',393),(394,'vhubertax@indiatimes.com',394),(395,'llipparday@google.fr',395),(396,'lpriddyaz@theglobeandmail.com',396),(397,'blabramb0@webmd.com',397),(398,'vmattonb1@msn.com',398),(399,'pkennewayb2@ucoz.ru',399),(400,'bnornableb3@washingtonpost.com',400),(401,'gberkelayb4@sciencedaily.com',401),(402,'emerrinb5@sphinn.com',402),(403,'pebbittb6@yale.edu',403),(404,'aaberdeenb7@sourceforge.net',404),(405,'bvassanob8@uol.com.br',405),(406,'imatusovskyb9@slideshare.net',406),(407,'oyellowleeba@ted.com',407),(408,'skelingebb@1688.com',408),(409,'rtimsonbc@time.com',409),(410,'jdinneenbd@themeforest.net',410),(411,'geverleybe@washington.edu',411),(412,'rtresvinabf@ucla.edu',412),(413,'mjarmanbg@artisteer.com',413),(414,'pcristofaribh@mapquest.com',414),(415,'dmcswanbi@51.la',415),(416,'rlusheybj@networksolutions.com',416),(417,'mlucockbk@twitter.com',417),(418,'dkloskabl@e-recht24.de',418),(419,'mseadonbm@google.nl',419),(420,'cnonibn@clickbank.net',420),(421,'zgrouenbo@npr.org',421),(422,'ldeasbp@webnode.com',422),(423,'gleppardbq@mac.com',423),(424,'lobalbr@theguardian.com',424),(425,'lmeelandbs@wordpress.org',425),(426,'rbigriggbt@desdev.cn',426),(427,'dzaniolettibu@wikipedia.org',427),(428,'fstallanbv@accuweather.com',428),(429,'theynsbw@usa.gov',429),(430,'ggartinbx@independent.co.uk',430),(431,'vlandrethby@prnewswire.com',431),(432,'shillyattbz@seattletimes.com',432),(433,'mdesouzac0@go.com',433),(434,'pclaffeyc1@nhs.uk',434),(435,'egrishaninc2@usda.gov',435),(436,'ccowdreyc3@netvibes.com',436),(437,'lspensleyc4@ovh.net',437),(438,'akainesc5@businessinsider.com',438),(439,'hglazyerc6@skype.com',439),(440,'mrenodenc7@twitpic.com',440),(441,'agazeyc8@nhs.uk',441),(442,'cconeleyc9@tuttocitta.it',442),(443,'rmckombca@ed.gov',443),(444,'spiperleycb@tiny.cc',444),(445,'kciobutarocc@google.co.jp',445),(446,'dbaulcombecd@answers.com',446),(447,'dmccreadiece@google.co.uk',447),(448,'aivanishchevcf@t.co',448),(449,'evintercg@sbwire.com',449),(450,'ecaldronich@dmoz.org',450);
/*!40000 ALTER TABLE `pengguna` ENABLE KEYS */;
UNLOCK TABLES;

--
-- Table structure for table `profil`
--

DROP TABLE IF EXISTS `profil`;
/*!40101 SET @saved_cs_client     = @@character_set_client */;
/*!50503 SET character_set_client = utf8mb4 */;
CREATE TABLE `profil` (
  `id_profil` int NOT NULL,
  `nama` varchar(45) DEFAULT NULL,
  `ikon_profil` varchar(45) DEFAULT NULL,
  `tanggal_lahir` date DEFAULT NULL,
  `bahasa` varchar(45) DEFAULT NULL,
  `id_pengguna` int DEFAULT NULL,
  PRIMARY KEY (`id_profil`),
  KEY `fk_profil_pengguna_idx` (`id_pengguna`),
  CONSTRAINT `fk_profil_pengguna` FOREIGN KEY (`id_pengguna`) REFERENCES `pengguna` (`id_pengguna`)
) ENGINE=InnoDB DEFAULT CHARSET=utf8mb4 COLLATE=utf8mb4_0900_ai_ci;
/*!40101 SET character_set_client = @saved_cs_client */;

--
-- Dumping data for table `profil`
--

LOCK TABLES `profil` WRITE;
/*!40000 ALTER TABLE `profil` DISABLE KEYS */;
INSERT INTO `profil` VALUES (1001,'Katalin','blue','2003-06-04','English',1),(2001,'Xever','blue','1999-06-20','Italiano',2),(3001,'Regine','blue','2005-10-30','Bahasa Indonesia',3),(4001,'Lars','blue','2001-01-07','Italiano',4),(5001,'Tootsie','blue','2000-12-08','Dansk',5),(6001,'Fowler','blue','1991-10-09','English',6),(7001,'Hill','green','1997-07-14','Nederlands',7),(7002,'Evvy','blue','2008-04-07','Dansk',7),(8001,'Sheree','red','2004-08-11','Bahasa Melayu',8),(9001,'Bertrando','kids','2009-03-18','Italiano',9),(9002,'Veronica','blue','2000-01-06','Italiano',9),(9003,'Raf','green','2008-03-29','Italiano',9),(10001,'Avril','blue','1998-10-17','Italiano',10),(10002,'Tibold','green','2009-03-26','Italiano',10),(11001,'Berti','red','1990-06-23','Filipino',11),(12001,'Denney','red','1995-10-23','Francais',12),(12002,'Calley','yellow','1992-03-02','Francais',12),(13001,'Aymer','yellow','2001-02-23','English',13),(14001,'Orlando','blue','2009-05-25','Deutsch',14),(15001,'Sapphire','yellow','1991-09-17','Polski',15),(16001,'Meredithe','yellow','2002-03-22','Bahasa Melayu',16),(16002,'Vallie','blue','2007-07-09','Bahasa Melayu',16),(16003,'Cele','green','2008-04-18','Bahasa Melayu',16),(17001,'Florri','yellow','2007-05-22','Bahasa Indonesia',17),(18001,'Heddi','yellow','1996-05-04','Francais',18),(19001,'Penn','green','1991-12-17','Espanol',19),(20001,'Jo-anne','red','2006-09-03','Deutsch',20),(21001,'Miran','yellow','2000-06-04','Polski',21),(22001,'Zabrina','green','1995-08-30','Polski',22),(23001,'Albina','yellow','1999-05-28','Bahasa Indonesia',23),(24001,'Cliff','red','2003-12-02','Bahasa Indonesia',24),(24002,'Packston','green','1992-09-11','English',24),(24003,'Lorry','yellow','2000-08-02','Bahasa Indonesia',24),(24004,'Hart','blue','2005-11-05','Bahasa Indonesia',24),(25001,'Karena','blue','1993-10-31','Italiano',25),(26001,'Brinn','blue','2006-02-08','Polski',26),(26002,'Teena','yellow','1996-02-29','Polski',26),(27001,'Annora','yellow','2003-06-16','Francais',27),(28001,'Theadora','yellow','2002-09-10','Nederlands',28),(29001,'Noemi','blue','1992-05-11','Nederlands',29),(30001,'Elga','green','2002-09-08','Italiano',30),(31001,'Shellie','blue','2008-06-03','Polski',31),(32001,'Terrel','green','2001-07-02','English',32),(33001,'Madeline','blue','2007-07-01','Espanol',33),(34001,'Dorie','blue','1999-01-04','Filipino',34),(35001,'Morley','yellow','1994-10-25','Deutsch',35),(36001,'Antonina','red','1994-07-16','Bahasa Indonesia',36),(37001,'Eugenio','red','2009-07-27','Espanol',37),(38001,'Matilda','blue','1993-08-19','Nederlands',38),(39001,'Alick','red','1990-10-28','Bahasa Melayu',39),(40001,'Reyna','yellow','1991-09-19','Polski',40),(41001,'Binny','blue','1999-09-10','Francais',41),(42001,'Elvera','yellow','1995-09-30','Bahasa Indonesia',42),(43001,'Corrie','red','2006-11-02','Espanol',43),(44001,'Ginger','red','1992-02-26','Espanol',44),(45001,'Lexy','green','2007-07-09','Bahasa Indonesia',45),(46001,'Ailyn','green','2000-12-14','Italiano',46),(47001,'Joseph','red','1991-04-02','Bahasa Melayu',47),(48001,'Margaretha','red','1994-10-14','Francais',48),(49001,'Merrel','yellow','1992-11-24','Italiano',49),(50001,'Albrecht','yellow','2001-08-04','Polski',50),(51001,'Hashim','blue','2001-10-27','Deutsch',51),(52001,'Jeane','green','2002-12-27','Polski',52),(53001,'Kenn','red','1990-02-26','Dansk',53),(54001,'Taffy','green','2004-12-01','English',54),(55001,'Kaye','blue','1998-06-28','Deutsch',55),(56001,'Cirilo','blue','1993-01-02','Deutsch',56),(57001,'Camala','green','1998-05-26','Deutsch',57),(58001,'Nikolas','yellow','2009-12-08','Francais',58),(59001,'Elsinore','green','2003-09-28','Italiano',59),(60001,'Pen','yellow','1994-11-12','Bahasa Indonesia',60),(61001,'Melina','yellow','1992-08-04','Nederlands',61),(62001,'Derick','green','2006-01-12','Bahasa Indonesia',62),(63001,'Barn','green','1995-08-13','Espanol',63),(64001,'Fonz','green','1996-01-15','Espanol',64),(65001,'Felic','yellow','1997-09-16','English',65),(66001,'Rene','blue','1998-12-04','Nederlands',66),(67001,'Cathleen','red','2003-12-20','Bahasa Melayu',67),(68001,'Shawna','blue','1997-08-24','Deutsch',68),(69001,'Helyn','green','1999-07-31','Nederlands',69),(70001,'Lynda','yellow','2000-06-22','Francais',70),(71001,'Brittni','blue','1992-06-11','Nederlands',71),(72001,'Ilse','yellow','1994-10-26','Francais',72),(73001,'Sascha','green','1996-09-14','Bahasa Indonesia',73),(74001,'Farlay','blue','2002-07-20','Italiano',74),(75001,'Cherish','blue','2004-01-26','Italiano',75),(76001,'Zsa zsa','green','1991-12-19','Espanol',76),(77001,'Bruno','blue','2002-03-24','Filipino',77),(78001,'Adolphus','yellow','2006-11-09','Francais',78),(79001,'Horst','red','2009-08-11','Francais',79),(80001,'Sanders','yellow','2008-08-03','Bahasa Melayu',80),(81001,'Noam','red','1994-08-26','Filipino',81),(82001,'Enrique','green','2004-07-20','Espanol',82),(83001,'Shaylyn','blue','1990-07-17','Polski',83),(84001,'Benedetto','blue','2006-11-10','Filipino',84),(85001,'Jannel','blue','2004-04-04','Filipino',85),(86001,'Julie','blue','2005-04-27','Espanol',86),(87001,'Amandie','blue','1997-02-06','Bahasa Melayu',87),(88001,'Shepherd','yellow','2001-06-03','Filipino',88),(89001,'Clim','yellow','1995-03-29','English',89),(90001,'Chantal','red','1998-11-22','Espanol',90),(91001,'Alexandra','blue','1999-10-12','Dansk',91),(92001,'Rufus','green','1995-07-28','Bahasa Melayu',92),(93001,'Worden','red','1998-08-21','Italiano',93),(94001,'Sarajane','blue','2009-05-31','Nederlands',94),(95001,'Kimble','blue','2005-06-11','Nederlands',95),(96001,'Morry','red','2003-04-09','Espanol',96),(97001,'Krystal','blue','2002-02-13','Espanol',97),(98001,'Laura','blue','1995-01-17','Italiano',98),(99001,'Dell','blue','1993-09-17','Nederlands',99),(100001,'Susie','yellow','1995-08-17','Italiano',100),(101001,'Frank','yellow','2004-10-08','Polski',101),(102001,'Emera','green','1994-08-02','English',102),(103001,'Lynsey','green','1991-01-20','Bahasa Indonesia',103),(104001,'Mayne','red','2000-04-02','Espanol',104),(105001,'Colette','red','2008-09-06','Polski',105),(106001,'Ermengarde','red','2005-01-02','Espanol',106),(107001,'Katalin','blue','2005-11-07','Dansk',107),(108001,'Sibylle','blue','2009-06-09','Dansk',108),(109001,'Gabriele','blue','1990-09-02','Filipino',109),(109002,'Ray','red','2003-08-10','English',109),(110001,'Delaney','red','1995-12-11','Espanol',110),(111001,'Palmer','red','2005-02-18','Bahasa Melayu',111),(111002,'Charmian','blue','1990-01-22','Bahasa Melayu',111),(111003,'Humfrid','kids','2010-03-15','Bahasa Melayu',111),(112001,'See','green','1992-09-16','English',112),(112002,'Hanni','kids','2011-08-22','English',112),(113001,'Loree','blue','1993-09-03','Dansk',113),(113002,'Waly','kids','2012-11-30','Dansk',113),(113003,'Nickolai','red','1999-07-24','Dansk',113),(114001,'Esmaria','red','1995-03-13','Filipino',114),(115001,'Nancy','blue','2008-09-07','Nederlands',115),(116001,'Clarette','red','2008-03-12','Bahasa Indonesia',116),(117001,'Tori','red','1990-09-04','Deutsch',117),(118001,'Bryana','blue','1990-11-03','Filipino',118),(119001,'Melodee','green','2003-06-29','Bahasa Indonesia',119),(120001,'Terrijo','red','1996-01-30','Polski',120),(121001,'Elizabet','blue','2004-11-24','Italiano',121),(122001,'Drucie','green','1993-12-25','Bahasa Melayu',122),(123001,'Caritta','green','1999-08-24','Dansk',123),(124001,'Teresa','blue','2005-02-02','Polski',124),(124002,'Miran','yellow','1998-02-04','Polski',124),(124003,'De','green','1997-12-20','Polski',124),(125001,'Demetre','green','2001-01-23','English',125),(126001,'Morse','green','1998-01-17','Bahasa Melayu',126),(127001,'Hartley','green','2002-09-01','Espanol',127),(128001,'Kelcy','yellow','2008-12-13','Francais',128),(129001,'Jock','blue','2005-12-16','Francais',129),(130001,'Theresina','blue','2001-07-06','Bahasa Melayu',130),(131001,'Editha','yellow','1990-05-17','Italiano',131),(132001,'Benedick','red','2006-04-17','Nederlands',132),(133001,'Holden','yellow','2005-11-21','Deutsch',133),(134001,'Ed','green','1994-08-04','English',134),(135001,'Lee','yellow','1992-12-21','Bahasa Melayu',135),(136001,'Martelle','green','1990-08-04','Espanol',136),(137001,'Maddie','blue','1991-06-12','Deutsch',137),(138001,'Bev','blue','1992-02-05','Bahasa Indonesia',138),(139001,'Meg','red','1990-03-28','Francais',139),(140001,'Nadiya','red','2001-05-24','Italiano',140),(141001,'Heall','yellow','1994-11-04','Espanol',141),(142001,'Janos','green','2007-12-08','Italiano',142),(143001,'Gratia','blue','2003-05-06','English',143),(144001,'Marcille','blue','2004-10-04','Francais',144),(145001,'Nat','yellow','2005-10-04','Deutsch',145),(146001,'Marley','blue','2009-09-10','Bahasa Indonesia',146),(147001,'Laurel','yellow','1996-11-30','Francais',147),(148001,'Stevana','yellow','1998-10-23','Filipino',148),(149001,'Gael','red','1995-01-21','English',149),(150001,'Myranda','green','2000-08-25','Bahasa Indonesia',150),(150002,'Kelly','kids','2009-08-26','Bahasa Indonesia',150),(151001,'Itch','blue','2003-06-04','English',151),(152001,'Tristan','blue','1999-06-20','Italiano',152),(153001,'Timmie','blue','2005-10-30','Bahasa Indonesia',153),(154001,'Onida','blue','2001-01-07','Italiano',154),(155001,'Morgan','blue','2000-12-08','Dansk',155),(156001,'Nikolaos','blue','1991-10-09','English',156),(157001,'Susy','green','1997-07-14','Nederlands',157),(158001,'Sanderson','blue','2008-04-07','Dansk',158),(159001,'Dorie','red','2004-08-11','Bahasa Melayu',159),(160001,'Paige','kids','2009-03-18','Italiano',160),(161001,'Edith','blue','2000-01-06','Italiano',161),(162001,'Fara','green','2008-03-29','Italiano',162),(163001,'Sisile','blue','1998-10-17','Italiano',163),(164001,'Molli','green','2009-03-26','Italiano',164),(165001,'Barrie','red','1990-06-23','Filipino',165),(166001,'Timmi','red','1995-10-23','Francais',166),(167001,'Harmon','yellow','1992-03-02','Francais',167),(168001,'Barret','yellow','2001-02-23','English',168),(169001,'Gordie','blue','2009-05-25','Deutsch',169),(170001,'Trudy','yellow','1991-09-17','Polski',170),(171001,'Andi','yellow','2002-03-22','Bahasa Melayu',171),(172001,'Joyan','blue','2007-07-09','Bahasa Melayu',172),(173001,'Quinton','green','2008-04-18','Bahasa Melayu',173),(174001,'Ware','yellow','2007-05-22','Bahasa Indonesia',174),(175001,'Charmain','yellow','1996-05-04','Francais',175),(176001,'Arleen','green','1991-12-17','Espanol',176),(177001,'Erasmus','red','2006-09-03','Deutsch',177),(178001,'Harlene','yellow','2000-06-04','Polski',178),(179001,'Coreen','green','1995-08-30','Polski',179),(180001,'Payton','yellow','1999-05-28','Bahasa Indonesia',180),(181001,'Bobette','red','2003-12-02','Bahasa Indonesia',181),(182001,'Lilian','green','1992-09-11','English',182),(183001,'Dayle','yellow','2000-08-02','Bahasa Indonesia',183),(184001,'Farica','blue','2005-11-05','Bahasa Indonesia',184),(185001,'Rusty','blue','1993-10-31','Italiano',185),(186001,'Lyell','blue','2006-02-08','Polski',186),(187001,'Virgilio','yellow','1996-02-29','Polski',187),(188001,'Joni','yellow','2003-06-16','Francais',188),(189001,'Hayley','yellow','2002-09-10','Nederlands',189),(190001,'Adolf','blue','1992-05-11','Nederlands',190),(191001,'Cathie','green','2002-09-08','Italiano',191),(192001,'Guntar','blue','2008-06-03','Polski',192),(193001,'Jesse','green','2001-07-02','English',193),(194001,'Sioux','blue','2007-07-01','Espanol',194),(195001,'Horace','blue','1999-01-04','Filipino',195),(196001,'Kylila','yellow','1994-10-25','Deutsch',196),(197001,'Delcina','red','1994-07-16','Bahasa Indonesia',197),(198001,'Correy','red','2009-07-27','Espanol',198),(199001,'Ysabel','blue','1993-08-19','Nederlands',199),(200001,'Gayler','red','1990-10-28','Bahasa Melayu',200),(201001,'Hubey','yellow','1991-09-19','Polski',201),(202001,'Jory','blue','1999-09-10','Francais',202),(203001,'Iain','yellow','1995-09-30','Bahasa Indonesia',203),(204001,'Gerry','red','2006-11-02','Espanol',204),(205001,'Thibaut','red','1992-02-26','Espanol',205),(206001,'Eadith','green','2007-07-09','Bahasa Indonesia',206),(207001,'Carleen','green','2000-12-14','Italiano',207),(208001,'Lanie','red','1991-04-02','Bahasa Melayu',208),(209001,'Benedick','red','1994-10-14','Francais',209),(210001,'Glenden','yellow','1992-11-24','Italiano',210),(211001,'Currey','yellow','2001-08-04','Polski',211),(212001,'Errol','blue','2001-10-27','Deutsch',212),(213001,'Sandie','green','2002-12-27','Polski',213),(214001,'Piggy','red','1990-02-26','Dansk',214),(215001,'Gerhardine','green','2004-12-01','English',215),(216001,'Rosco','blue','1998-06-28','Deutsch',216),(217001,'Alfred','blue','1993-01-02','Deutsch',217),(218001,'Walther','green','1998-05-26','Deutsch',218),(219001,'Vannie','yellow','2009-12-08','Francais',219),(220001,'Malissia','green','2003-09-28','Italiano',220),(221001,'Gnni','yellow','1994-11-12','Bahasa Indonesia',221),(222001,'Wiley','yellow','1992-08-04','Nederlands',222),(223001,'Celeste','green','2006-01-12','Bahasa Indonesia',223),(224001,'Claudian','green','1995-08-13','Espanol',224),(225001,'Homere','green','1996-01-15','Espanol',225),(226001,'Veriee','yellow','1997-09-16','English',226),(227001,'Kendra','blue','1998-12-04','Nederlands',227),(228001,'Edee','red','2003-12-20','Bahasa Melayu',228),(229001,'Trix','blue','1997-08-24','Deutsch',229),(230001,'Clarence','green','1999-07-31','Nederlands',230),(231001,'Britney','yellow','2000-06-22','Francais',231),(232001,'Cynde','blue','1992-06-11','Nederlands',232),(233001,'Lucius','yellow','1994-10-26','Francais',233),(234001,'Rozelle','green','1996-09-14','Bahasa Indonesia',234),(235001,'Kristen','blue','2002-07-20','Italiano',235),(236001,'Miranda','blue','2004-01-26','Italiano',236),(237001,'Rafael','green','1991-12-19','Espanol',237),(238001,'Nikolos','blue','2002-03-24','Filipino',238),(239001,'Isak','yellow','2006-11-09','Francais',239),(240001,'Boony','red','2009-08-11','Francais',240),(241001,'Dov','yellow','2008-08-03','Bahasa Melayu',241),(242001,'Nedda','red','1994-08-26','Filipino',242),(243001,'Berni','green','2004-07-20','Espanol',243),(244001,'Ortensia','blue','1990-07-17','Polski',244),(245001,'Damian','blue','2006-11-10','Filipino',245),(246001,'Gearard','blue','2004-04-04','Filipino',246),(247001,'Patin','blue','2005-04-27','Espanol',247),(248001,'Stevana','blue','1997-02-06','Bahasa Melayu',248),(249001,'Cockerton','yellow','2001-06-03','Filipino',249),(250001,'Matt','yellow','1995-03-29','English',250),(251001,'Costy','red','1998-11-22','Espanol',251),(252001,'Couser','blue','1999-10-12','Dansk',252),(253001,'Tremblay','green','1995-07-28','Bahasa Melayu',253),(254001,'Loukes','red','1998-08-21','Italiano',254),(255001,'Ruegg','blue','2009-05-31','English',255),(256001,'Neicho','blue','2005-06-11','Italiano',256),(257001,'Khadir','red','2003-04-09','Bahasa Indonesia',257),(258001,'Luton','blue','2002-02-13','Italiano',258),(259001,'Dykes','blue','1995-01-17','Dansk',259),(260001,'Creeber','blue','1993-09-17','English',260),(261001,'Kingsly','yellow','1995-08-17','Nederlands',261),(262001,'Mosby','yellow','2004-10-08','Dansk',262),(263001,'Milsted','green','1994-08-02','Bahasa Melayu',263),(264001,'Utridge','green','1991-01-20','Italiano',264),(265001,'Fifield','red','2000-04-02','Italiano',265),(266001,'Godsil','red','2008-09-06','Italiano',266),(267001,'Robbings','red','2005-01-02','Italiano',267),(268001,'Canedo','blue','2005-11-07','Italiano',268),(269001,'Beardsall','blue','2009-06-09','Filipino',269),(270001,'Inseal','blue','1990-09-02','Francais',270),(271001,'Dowers','red','2003-08-10','Francais',271),(272001,'Kamiyama','red','1995-12-11','English',272),(273001,'Vigietti','red','2005-02-18','Deutsch',273),(274001,'Dollman','blue','1990-01-22','Polski',274),(275001,'Menis','kids','2010-03-15','Bahasa Melayu',275),(276001,'Alkins','green','1992-09-16','Bahasa Melayu',276),(277001,'Kilfeather','kids','2011-08-22','Bahasa Melayu',277),(278001,'Yarnton','blue','1993-09-03','Bahasa Indonesia',278),(279001,'Klimashevich','kids','2012-11-30','Francais',279),(280001,'Divers','red','1999-07-24','Espanol',280),(281001,'Whisson','red','1995-03-13','Deutsch',281),(282001,'Doughton','blue','2008-09-07','Polski',282),(283001,'Dallman','red','2008-03-12','Polski',283),(284001,'Fowlston','red','1990-09-04','Bahasa Indonesia',284),(285001,'Bloxam','blue','1990-11-03','Bahasa Indonesia',285),(286001,'Grigorushkin','green','2003-06-29','English',286),(287001,'Douthwaite','red','1996-01-30','Bahasa Indonesia',287),(288001,'Silly','blue','2004-11-24','Bahasa Indonesia',288),(289001,'Gilstoun','green','1993-12-25','Italiano',289),(290001,'Facher','green','1999-08-24','Polski',290),(291001,'Brisse','blue','2005-02-02','Polski',291),(292001,'Crosston','yellow','1998-02-04','Francais',292),(293001,'Fawson','green','1997-12-20','Nederlands',293),(294001,'Tooley','green','2001-01-23','Nederlands',294),(295001,'Coxall','green','1998-01-17','Italiano',295),(296001,'Storcke','green','2002-09-01','Polski',296),(297001,'Mathew','yellow','2008-12-13','English',297),(298001,'Antosik','blue','2005-12-16','Espanol',298),(299001,'Cavet','blue','2001-07-06','Filipino',299),(300001,'Killeen','yellow','1990-05-17','Deutsch',300),(301001,'Cardenas','red','2006-04-17','Bahasa Indonesia',301),(302001,'Fellos','yellow','2005-11-21','Espanol',302),(303001,'Sommerland','green','1994-08-04','Nederlands',303),(304001,'Shillum','yellow','1992-12-21','Bahasa Melayu',304),(305001,'Dudman','green','1990-08-04','Polski',305),(306001,'Sokill','blue','1991-06-12','Francais',306),(307001,'Finding','blue','1992-02-05','Bahasa Indonesia',307),(308001,'Grinham','red','1990-03-28','Espanol',308),(309001,'Meynell','red','2001-05-24','Espanol',309),(310001,'Drayson','yellow','1994-11-04','Bahasa Indonesia',310),(311001,'Newlin','green','2007-12-08','Italiano',311),(312001,'Greenfield','blue','2003-05-06','Bahasa Melayu',312),(313001,'Hugle','blue','2004-10-04','Francais',313),(314001,'Willman','yellow','2005-10-04','Italiano',314),(315001,'Bladon','blue','2009-09-10','Polski',315),(316001,'Rayment','yellow','1996-11-30','Deutsch',316),(317001,'Farn','yellow','1998-10-23','Polski',317),(318001,'Minkin','red','1995-01-21','Dansk',318),(319001,'Lippiatt','green','2000-08-25','English',319),(320001,'Pfeffle','kids','2009-08-26','Deutsch',320),(321001,'Salzburg','red','2008-03-12','Deutsch',321),(322001,'Neasam','red','1990-09-04','Deutsch',322),(323001,'Halladey','blue','1990-11-03','Francais',323),(324001,'Demsey','green','2003-06-29','Italiano',324),(325001,'Calcutt','red','1996-01-30','Bahasa Indonesia',325),(326001,'Menault','blue','2004-11-24','Nederlands',326),(327001,'Tuckwell','green','1993-12-25','Bahasa Indonesia',327),(328001,'Bedow','green','1999-08-24','Espanol',328),(329001,'Matous','blue','2005-02-02','Espanol',329),(330001,'Berrisford','yellow','1998-02-04','English',330),(331001,'Le','green','1997-12-20','Nederlands',331),(332001,'Jira','green','2001-01-23','Bahasa Melayu',332),(333001,'Whitebrook','green','1998-01-17','Deutsch',333),(334001,'Grimsdale','green','2002-09-01','Nederlands',334),(335001,'Hatherall','yellow','2008-12-13','Francais',335),(336001,'Ainsley','blue','2005-12-16','Nederlands',336),(337001,'Daintith','blue','2001-07-06','Francais',337),(338001,'Heyball','yellow','1990-05-17','Bahasa Indonesia',338),(339001,'McGucken','red','2006-04-17','Italiano',339),(340001,'Van','yellow','2005-11-21','Italiano',340),(341001,'Ranahan','green','1994-08-04','Espanol',341),(342001,'Noon','yellow','1992-12-21','Filipino',342),(343001,'Chiommienti','green','1990-08-04','Francais',343),(344001,'Hymer','blue','1991-06-12','Francais',344),(345001,'Bahlmann','blue','1992-02-05','Bahasa Melayu',345),(346001,'Kear','red','1990-03-28','Filipino',346),(347001,'Andress','red','2001-05-24','Espanol',347),(348001,'Iddens','yellow','1994-11-04','Polski',348),(349001,'Wickham','green','2007-12-08','Filipino',349),(350001,'Goldstone','blue','2003-05-06','Filipino',350),(351001,'Klimentov','blue','2004-10-04','Espanol',351),(352001,'Rowlatt','yellow','2005-10-04','Bahasa Melayu',352),(353001,'Nance','blue','2009-09-10','Filipino',353),(354001,'Rainger','yellow','1996-11-30','English',354),(355001,'Sheirlaw','yellow','1998-10-23','Espanol',355),(356001,'Mival','red','1995-01-21','Dansk',356),(357001,'Aucourte','green','2000-08-25','Bahasa Melayu',357),(358001,'Manie','kids','2009-08-26','Italiano',358),(359001,'Grazier','red','2008-03-12','Nederlands',359),(360001,'Kaye','red','1990-09-04','Nederlands',360),(361001,'Iacobo','blue','1990-11-03','Espanol',361),(362001,'Kann','green','2003-06-29','Espanol',362),(363001,'Youel','red','1996-01-30','Italiano',363),(364001,'Duncan','blue','2004-11-24','Nederlands',364),(365001,'Barszczewski','green','1993-12-25','Italiano',365),(366001,'Cockayme','green','1999-08-24','Polski',366),(367001,'Fishe','blue','2005-02-02','English',367),(368001,'Jouhandeau','yellow','1998-02-04','Bahasa Indonesia',368),(369001,'Rohlfing','green','1997-12-20','Espanol',369),(370001,'Leverich','green','2001-01-23','Polski',370),(371001,'Rawe','green','1998-01-17','Espanol',371),(372001,'Lantiff','green','2002-09-01','Dansk',372),(373001,'Shortin','yellow','2008-12-13','Dansk',373),(374001,'Rhucroft','blue','2005-12-16','Filipino',374),(375001,'Schneidau','blue','2001-07-06','English',375),(376001,'Yglesia','yellow','1990-05-17','Espanol',376),(377001,'Battany','red','2006-04-17','Bahasa Melayu',377),(378001,'Chesswas','yellow','2005-11-21','Bahasa Melayu',378),(379001,'Wearing','green','1994-08-04','Bahasa Melayu',379),(380001,'Kirrens','yellow','1992-12-21','English',380),(381001,'Matton','green','1990-08-04','English',381),(382001,'Tamblyn','blue','1991-06-12','Dansk',382),(383001,'Balshaw','blue','1992-02-05','Dansk',383),(384001,'Emburey','red','1990-03-28','Dansk',384),(385001,'Kenderdine','red','2001-05-24','Filipino',385),(386001,'Cobbled','yellow','1994-11-04','Nederlands',386),(387001,'Martignoni','green','2007-12-08','Bahasa Indonesia',387),(388001,'Upfold','blue','2003-05-06','Deutsch',388),(389001,'Cuttle','blue','2004-10-04','Filipino',389),(390001,'Linfoot','yellow','2005-10-04','Bahasa Indonesia',390),(391001,'Veldens','blue','2009-09-10','Polski',391),(392001,'Doohey','yellow','1996-11-30','Italiano',392),(393001,'Bigglestone','yellow','1998-10-23','Bahasa Melayu',393),(394001,'Yearsley','red','1995-01-21','Dansk',394),(395001,'Cottu','green','2000-08-25','Polski',395),(396001,'Tapply','kids','2009-08-26','Polski',396),(397001,'O\'Sheilds','red','2008-03-12','Polski',397),(398001,'Dullard','red','1990-09-04','English',398),(399001,'Rozalin','blue','1990-11-03','Bahasa Melayu',399),(400001,'Lorry','green','2003-06-29','Espanol',400),(401001,'Gib','red','1996-01-30','Francais',401),(402001,'Elston','blue','2004-11-24','Francais',402),(403001,'Tomasina','green','1993-12-25','Bahasa Melayu',403),(404001,'Uriah','green','1999-08-24','Italiano',404),(405001,'Kania','blue','2005-02-02','Nederlands',405),(406001,'Berne','yellow','1998-02-04','Deutsch',406),(407001,'Ranice','green','1997-12-20','English',407),(408001,'Flori','green','2001-01-23','Bahasa Melayu',408),(409001,'Tierney','green','1998-01-17','Espanol',409),(410001,'Arvie','green','2002-09-01','Deutsch',410),(411001,'Joye','yellow','2008-12-13','Bahasa Indonesia',411),(412001,'Maudie','blue','2005-12-16','Francais',412),(413001,'Averill','blue','2001-07-06','Italiano',413),(414001,'Galen','yellow','1990-05-17','Espanol',414),(415001,'Skelly','red','2006-04-17','Italiano',415),(416001,'Free','yellow','2005-11-21','English',416),(417001,'Julita','green','1994-08-04','Francais',417),(418001,'Tybi','yellow','1992-12-21','Deutsch',418),(419001,'Rosmunda','green','1990-08-04','Bahasa Indonesia',419),(420001,'Charmian','blue','1991-06-12','Francais',420),(421001,'Julio','blue','1992-02-05','Filipino',421),(422001,'Lynnett','red','1990-03-28','English',422),(423001,'Tommie','red','2001-05-24','Bahasa Indonesia',423),(424001,'Kathie','yellow','1994-11-04','Bahasa Indonesia',424),(425001,'Friedrick','green','2007-12-08','Italiano',425),(426001,'Bibi','blue','2003-05-06','English',426),(427001,'Bogart','blue','2004-10-04','Francais',427),(428001,'Laughton','yellow','2005-10-04','Deutsch',428),(429001,'Hendrick','blue','2009-09-10','Bahasa Indonesia',429),(430001,'Westleigh','yellow','1996-11-30','Francais',430),(431001,'Renata','yellow','1998-10-23','Filipino',431),(432001,'Mareah','red','1995-01-21','English',432),(433001,'Dugald','green','2000-08-25','Bahasa Indonesia',433),(434001,'Grenville','kids','2009-08-26','Bahasa Indonesia',434),(435001,'Dela','red','2008-03-12','Bahasa Melayu',435),(436001,'Jeanna','red','1990-09-04','Espanol',436),(437001,'Alric','blue','1990-11-03','Francais',437),(438001,'Goldina','green','2003-06-29','Francais',438),(439001,'Welby','red','1996-01-30','Bahasa Melayu',439),(440001,'Maximo','blue','2004-11-24','Italiano',440),(441001,'Margaretha','green','1993-12-25','Bahasa Melayu',441),(442001,'Cathryn','green','1999-08-24','Bahasa Melayu',442),(443001,'Raoul','blue','2005-02-02','Espanol',443),(444001,'Timmie','yellow','1998-02-04','Francais',444),(445001,'Weider','green','1997-12-20','Francais',445),(446001,'Beverie','green','2001-01-23','Bahasa Melayu',446),(447001,'Janos','green','1998-01-17','Italiano',447),(448001,'Almire','green','2002-09-01','Nederlands',448),(449001,'Derril','yellow','2008-12-13','Deutsch',449),(450001,'Reginauld','blue','2005-12-16','English',450);
/*!40000 ALTER TABLE `profil` ENABLE KEYS */;
UNLOCK TABLES;

--
-- Table structure for table `telepon_pengguna`
--

DROP TABLE IF EXISTS `telepon_pengguna`;
/*!40101 SET @saved_cs_client     = @@character_set_client */;
/*!50503 SET character_set_client = utf8mb4 */;
CREATE TABLE `telepon_pengguna` (
  `id_pengguna` int NOT NULL,
  `no_telepon` varchar(20) NOT NULL,
  PRIMARY KEY (`id_pengguna`,`no_telepon`),
  CONSTRAINT `fk_telepon_pengguna` FOREIGN KEY (`id_pengguna`) REFERENCES `pengguna` (`id_pengguna`)
) ENGINE=InnoDB DEFAULT CHARSET=utf8mb4 COLLATE=utf8mb4_0900_ai_ci;
/*!40101 SET character_set_client = @saved_cs_client */;

--
-- Dumping data for table `telepon_pengguna`
--

LOCK TABLES `telepon_pengguna` WRITE;
/*!40000 ALTER TABLE `telepon_pengguna` DISABLE KEYS */;
INSERT INTO `telepon_pengguna` VALUES (1,'84543707836'),(2,'84648845780'),(3,'83647597774'),(4,'82067219660'),(5,'86064031313'),(6,'89242644063'),(7,'80259037976'),(8,'81497231329'),(9,'81559977994'),(10,'86011439743'),(11,'80392355779'),(12,'85859353021'),(13,'84372921672'),(14,'80636786006'),(15,'86700726772'),(16,'82448883374'),(17,'87134303344'),(18,'82684631459'),(19,'83746098128'),(20,'87622552144'),(21,'88751212385'),(22,'84170342324'),(23,'80368079205'),(24,'82593250179'),(25,'86922968194'),(26,'85476476308'),(27,'82722916910'),(28,'88731166827'),(29,'81504868876'),(30,'80951882944'),(31,'80390063875'),(32,'81163179440'),(33,'89058107427'),(34,'87323081029'),(35,'87913737560'),(36,'88092757228'),(37,'89251711061'),(38,'89665055962'),(39,'83924850239'),(40,'88865755901'),(41,'89274262047'),(42,'81282895248'),(43,'88023693415'),(44,'80304487588'),(45,'84214616826'),(46,'83383445222'),(47,'88834571217'),(48,'82239896613'),(49,'84978722453'),(50,'89653228557'),(51,'88985572523'),(52,'87277795547'),(53,'88662696646'),(54,'82352578850'),(55,'82603303610'),(56,'81760578377'),(57,'80589581012'),(58,'87160259254'),(59,'82967822884'),(60,'84090499120'),(61,'84171296601'),(62,'80958657033'),(63,'82361950427'),(64,'80114610441'),(65,'84099704798'),(66,'88344513828'),(67,'89075879836'),(68,'89515034573'),(69,'86865975927'),(70,'86920560640'),(71,'81068581255'),(72,'87416020449'),(73,'87854145926'),(74,'82266517704'),(75,'86474466054'),(76,'86396521731'),(77,'84307273790'),(78,'85733325001'),(79,'88761264269'),(80,'81354639855'),(81,'87919062659'),(82,'85231955010'),(83,'86463501545'),(84,'87321682857'),(85,'89649373829'),(86,'81418165622'),(87,'88472331004'),(88,'87056933751'),(89,'86705556399'),(90,'81387971830'),(91,'80194016995'),(92,'82150748593'),(93,'83508143977'),(94,'88958400718'),(95,'87146329835'),(96,'89906892028'),(97,'88275540300'),(98,'81128160195'),(99,'87654344308'),(100,'89735684638'),(101,'87303928688'),(102,'81545877626'),(103,'85462531170'),(104,'82042431635'),(105,'83917320869'),(106,'88495643268'),(107,'81710765337'),(108,'81445153643'),(109,'81000309559'),(110,'87348309244'),(111,'86335329212'),(112,'88567015019'),(113,'87859453593'),(114,'82915651277'),(115,'89011040557'),(116,'89725219311'),(117,'81949902265'),(118,'83958245730'),(119,'87005611171'),(120,'83772596173'),(121,'80448348015'),(122,'80920697494'),(123,'86417578475'),(124,'89292372972'),(125,'83078708778'),(126,'80576880417'),(127,'89774652345'),(128,'83731384098'),(129,'82872405485'),(130,'84420613118'),(131,'85696886280'),(132,'86079711720'),(133,'85450043559'),(134,'81587334799'),(135,'89571020171'),(136,'81267939414'),(137,'81233548491'),(138,'84575731017'),(139,'88179588780'),(140,'84921765986'),(141,'87073893914'),(142,'84997538464'),(143,'82246654347'),(144,'83157008650'),(145,'85492079505'),(146,'88088866282'),(147,'84171590353'),(148,'88739796265'),(149,'84197784813'),(150,'82592851822'),(151,'87693271873'),(152,'80794960364'),(153,'83917371684'),(154,'86466368642'),(155,'81005308685'),(156,'86488180164'),(157,'83928353028'),(158,'86964254483'),(159,'88548396559'),(160,'88580583695'),(161,'88185468307'),(162,'82636861888'),(163,'83289497415'),(164,'83785993350'),(165,'84530482363'),(166,'84657464331'),(167,'83644973765'),(168,'85676547990'),(169,'84502267761'),(170,'85466156988'),(171,'86063510006'),(172,'88068336129'),(173,'85228012279'),(174,'84210634126'),(175,'81999656831'),(176,'87760080093'),(177,'86756681341'),(178,'86025755169'),(179,'87976202825'),(180,'80306281447'),(181,'80782199050'),(182,'82076091476'),(183,'89870869482'),(184,'81401723129'),(185,'81736691463'),(186,'80645490401'),(187,'87662923371'),(188,'82348042509'),(189,'85491529123'),(190,'81670511504'),(191,'80222137797'),(192,'83212205894'),(193,'80168188078'),(194,'89141284573'),(195,'84101982010'),(196,'87093526166'),(197,'83708218939'),(198,'85686075041'),(199,'81795244056'),(200,'83158296107'),(201,'85642451042'),(202,'88309432008'),(203,'80223271902'),(204,'80440270528'),(205,'84779547066'),(206,'84190794283'),(207,'84982648190'),(208,'85220289104'),(209,'89599386714'),(210,'86761193206'),(211,'87245016616'),(212,'84314545126'),(213,'84148304474'),(214,'84823538670'),(215,'87856234960'),(216,'81796011472'),(217,'80859939294'),(218,'84533744620'),(219,'89917247832'),(220,'89656306709'),(221,'88368381012'),(222,'86489740361'),(223,'89485168615'),(224,'80619220575'),(225,'89005257545'),(226,'84242154786'),(227,'82964858180'),(228,'86402862121'),(229,'88158135610'),(230,'87356808747'),(231,'84673014993'),(232,'84293280516'),(233,'80191187602'),(234,'87404490579'),(235,'85722785894'),(236,'86746334947'),(237,'85753925703'),(238,'85590242052'),(239,'84210964830'),(240,'89065606177'),(241,'88966424231'),(242,'88519782389'),(243,'88953820341'),(244,'89591117980'),(245,'88164985887'),(246,'87367851792'),(247,'82705100402'),(248,'87937896634'),(249,'84300438557'),(250,'81920992619'),(251,'81185213849'),(252,'89730243238'),(253,'83706562028'),(254,'86767221335'),(255,'81074201063'),(256,'83978671595'),(257,'85663081627'),(258,'83710817025'),(259,'87647084275'),(260,'88847611253'),(261,'86545785403'),(262,'85456796282'),(263,'88899739381'),(264,'86269427680'),(265,'85957113126'),(266,'82225683580'),(267,'81247147445'),(268,'87572822183'),(269,'89518912347'),(270,'87578043333'),(271,'88044002359'),(272,'81489944671'),(273,'81883226873'),(274,'85643822808'),(275,'82082124489'),(276,'87987201338'),(277,'80760976787'),(278,'80273050100'),(279,'84341714604'),(280,'85315775928'),(281,'80856762213'),(282,'81696000682'),(283,'80941224458'),(284,'86917570744'),(285,'88494906341'),(286,'88730087958'),(287,'89090949045'),(288,'84041933599'),(289,'86450964816'),(290,'88240431382'),(291,'87182983231'),(292,'84250834306'),(293,'81146515080'),(294,'81203623820'),(295,'82058617041'),(296,'89262429949'),(297,'87030034992'),(298,'80739696791'),(299,'86863256818'),(300,'85496549350'),(301,'84321511835'),(302,'82646977064'),(303,'88184535761'),(304,'84206998324'),(305,'86847171535'),(306,'85513706744'),(307,'85952710050'),(308,'88633650525'),(309,'84365152144'),(310,'83041817939'),(311,'81205936773'),(312,'81347726214'),(313,'86940156924'),(314,'85040705679'),(315,'80179622700'),(316,'87023340352'),(317,'86240917600'),(318,'85586791843'),(319,'86965032972'),(320,'88338907202'),(321,'89749681080'),(322,'83174983211'),(323,'88194031920'),(324,'80100069864'),(325,'86598285217'),(326,'82040009751'),(327,'86695765207'),(328,'85051087648'),(329,'81480206126'),(330,'80791243171'),(331,'81922838204'),(332,'83119524253'),(333,'85264251929'),(334,'84743436718'),(335,'88682516709'),(336,'83145050391'),(337,'81943346879'),(338,'87997497942'),(339,'85230398076'),(340,'81254157674'),(341,'88084446672'),(342,'80706921320'),(343,'81295286395'),(344,'85950307780'),(345,'82997118626'),(346,'85369548962'),(347,'81705810544'),(348,'85906487214'),(349,'81868400295'),(350,'83052903698'),(351,'81136807645'),(352,'86990714720'),(353,'88170933506'),(354,'89875438286'),(355,'83516770459'),(356,'84573339464'),(357,'87400055574'),(358,'83328581866'),(359,'81903362727'),(360,'81933879825'),(361,'84954590310'),(362,'82486236441'),(363,'83963321321'),(364,'88937588824'),(365,'85950889170'),(366,'80148254279'),(367,'87197254995'),(368,'83575974574'),(369,'80336574640'),(370,'85981476019'),(371,'88804225872'),(372,'83704897330'),(373,'85239456893'),(374,'80674175136'),(375,'85755355835'),(376,'89417638000'),(377,'84167190539'),(378,'89405283433'),(379,'84914676046'),(380,'84125930034'),(381,'81860718546'),(382,'86573298101'),(383,'81589524791'),(384,'80552313328'),(385,'89726723716'),(386,'84866597086'),(387,'80550735276'),(388,'83893772506'),(389,'87264291365'),(390,'80169058815'),(391,'84645294573'),(392,'82541624388'),(393,'89102852953'),(394,'82447296445'),(395,'82325026616'),(396,'85094552747'),(397,'87716741639'),(398,'88134875025'),(399,'87507798030'),(400,'86615863913'),(401,'87059678958'),(402,'86155729565'),(403,'85477694871'),(404,'87379136805'),(405,'87420034046'),(406,'82095238568'),(407,'80251640921'),(408,'80426341339'),(409,'82648279958'),(410,'83919715023'),(411,'80705146544'),(412,'82909637649'),(413,'83086794990'),(414,'80466714865'),(415,'88385438122'),(416,'81400004513'),(417,'85965406509'),(418,'80359114804'),(419,'88654896875'),(420,'82770240589'),(421,'84746359102'),(422,'89959628336'),(423,'88356805861'),(424,'89111225363'),(425,'80233795501'),(426,'87963016487'),(427,'89869703949'),(428,'86271069899'),(429,'81026525173'),(430,'89972402186'),(431,'86160316138'),(432,'80249358936'),(433,'85848867010'),(434,'87139666363'),(435,'85796825814'),(436,'84414202172'),(437,'81809368652'),(438,'82074568667'),(439,'87650781433'),(440,'88518925024'),(441,'81008805006'),(442,'82075685676'),(443,'85358350531'),(444,'89316836273'),(445,'83770814960'),(446,'80485426231'),(447,'81323545483'),(448,'81960059307'),(449,'82704624977'),(450,'83453528303');
/*!40000 ALTER TABLE `telepon_pengguna` ENABLE KEYS */;
UNLOCK TABLES;

--
-- Table structure for table `tvshows`
--

DROP TABLE IF EXISTS `tvshows`;
/*!40101 SET @saved_cs_client     = @@character_set_client */;
/*!50503 SET character_set_client = utf8mb4 */;
CREATE TABLE `tvshows` (
  `id_film` int NOT NULL,
  `jumlah_season` int DEFAULT NULL,
  `jumlah_episode` int DEFAULT NULL,
  `kreator` varchar(50) DEFAULT NULL,
  PRIMARY KEY (`id_film`),
  CONSTRAINT `fk_tvshows_film` FOREIGN KEY (`id_film`) REFERENCES `film` (`id_film`)
) ENGINE=InnoDB DEFAULT CHARSET=utf8mb4 COLLATE=utf8mb4_0900_ai_ci;
/*!40101 SET character_set_client = @saved_cs_client */;

--
-- Dumping data for table `tvshows`
--

LOCK TABLES `tvshows` WRITE;
/*!40000 ALTER TABLE `tvshows` DISABLE KEYS */;
INSERT INTO `tvshows` VALUES (1,5,45,'Thomasa Wherton'),(2,10,95,'Jammal Dionisi'),(3,8,78,'Craggie Barrass'),(4,10,90,'Mag Andrieu'),(5,1,9,'Ralf Benesevich'),(6,5,50,'Fonsie Roscow'),(7,4,36,'Flossi Kearns'),(8,2,20,'Maude Willshee'),(9,5,48,'Valery Cobbe'),(10,1,10,'Randa Masterman'),(11,9,87,'Tomaso Digweed'),(12,9,83,'Brear Allberry'),(13,1,10,'Marcellina Hawtrey'),(14,3,30,'Jase Tooher'),(15,2,20,'Zola Doodson'),(16,2,30,'Bart Scanlin'),(17,5,72,'Annis Gooke'),(18,1,4,'Hersch Gotecliffe'),(19,1,6,'Leandra Wheater'),(20,5,44,'Berkly Barkes'),(21,3,25,'Lavena Shotboult'),(22,2,20,'Adrea Boakes'),(23,4,40,'Deny Folley'),(24,1,8,'Aldin Gilhespy'),(25,3,29,'Wald Blankley'),(26,5,48,'Jordan Bellson'),(27,3,27,'Cesar Hubbard'),(28,8,76,'Owen Tookey'),(29,5,50,'Newton Sidnall'),(30,2,18,'Mathias Pobjoy'),(31,9,88,'Amii Greatorex'),(32,4,40,'Lothaire Le Blanc'),(33,1,9,'Willow Grivori'),(34,5,45,'Jenine Mortlock'),(35,1,7,'Sofia Garham'),(36,7,62,'Drugi Gritskov'),(37,3,27,'Ashbey Donalson'),(38,1,8,'Conant Follet'),(39,5,48,'Caye Knobell'),(40,4,36,'Upton Twist'),(41,2,20,'Brok Stoker'),(42,7,69,'Karine Ambrosi'),(43,3,30,'Heath Collen'),(44,6,60,'Kalvin Arrow'),(45,10,94,'Elsey Wiersma'),(46,6,56,'Norene Quinevan'),(47,1,9,'Shara Raiment'),(48,1,8,'Ebonee Nixon'),(49,10,98,'Innis Coxhead'),(50,1,7,'Paula Gregine'),(51,2,17,'Arnoldo Glanert'),(52,4,36,'Rob Clymer'),(53,2,18,'Tait Morsom'),(54,2,20,'Christian Scapelhorn'),(55,8,78,'Joycelin Moult'),(56,5,49,'Lenard Rayer'),(57,1,10,'Merna Shmyr'),(58,3,30,'Sherline MacAughtrie'),(59,9,90,'Agosto Truter'),(60,5,50,'Tybalt Spennock'),(61,3,24,'Zola Lindeberg'),(62,1,10,'Mallorie Soame'),(63,9,90,'Kariotta Berkery'),(64,4,40,'Prudi Clemson'),(65,2,20,'Kelby Rissom'),(66,7,69,'Hayward Maden'),(67,10,95,'Grier Arnaudi'),(68,4,38,'Pauly Fritchley'),(69,3,27,'Jordan Daffern'),(70,4,33,'Carin Dockreay'),(71,2,18,'Jermaine Hasty'),(72,10,98,'Zack Gorner'),(73,5,48,'Karon Cuckoo'),(74,5,46,'Danie Fawcett'),(75,5,45,'Linda Aldhouse'),(76,2,20,'Lilian Mingo'),(77,8,79,'Tye Dingwall'),(78,10,88,'Delbert Cornhill'),(79,1,7,'Gibbie O\'Connell'),(80,4,35,'Kiel Holsey'),(81,9,87,'Charita Hallbird'),(82,1,9,'Warren Raynard'),(83,3,37,'Shermie Mosby'),(84,10,95,'Margit Deboo'),(85,9,90,'Pru Simon'),(86,10,100,'Robinet Giacomo'),(87,3,30,'Enid Margery'),(88,2,20,'Denise Gare'),(89,4,40,'Northrop McGettrick'),(90,8,78,'Dannel MacGlory'),(91,2,18,'Orv Tynemouth'),(92,10,97,'Chadd Thyer'),(93,1,8,'Mirabella Moth'),(94,2,16,'Jon Souttar'),(95,9,87,'Donica Soughton'),(96,7,67,'Conn Kaines'),(97,6,60,'Zoe Willavoys'),(98,4,40,'Lenora Cortese'),(99,7,70,'Cassandra Artharg'),(100,8,76,'Eveline Giraudoux'),(101,5,45,'Norby Veasey'),(102,2,19,'Willabella Bentke'),(103,4,35,'Blondell Letchford'),(104,8,76,'Perla Ferrarone'),(105,4,32,'Katleen Yesenev'),(106,10,10,'Eva Shillitto'),(107,5,50,'Stevie Matthaus'),(108,10,100,'Traver Foresight'),(109,8,80,'Giustino Haughey'),(110,5,43,'Ulysses Botly'),(111,10,96,'Mikaela Penman'),(112,8,79,'Pandora Isacsson'),(113,8,78,'Ciro Poytress'),(114,9,87,'Bernadine Pert'),(115,10,96,'Laurette Giamo'),(116,1,9,'Clemmy Ecles'),(117,6,54,'Fawne Habbon'),(118,9,87,'Rickey Benito'),(119,10,98,'Parry Croci'),(120,1,8,'Ambur Warlawe'),(121,7,65,'Zacharias Scanlan'),(122,4,32,'Pepita Colegate'),(123,7,65,'Dyanne Labram'),(124,1,8,'Agnella Sangwine'),(125,8,76,'Merline Tomkowicz'),(126,4,34,'Glenda Croome'),(127,9,87,'Leia Schimann'),(128,5,45,'Julee Hambric'),(129,2,18,'Filippo Mitroshinov'),(130,8,78,'Gaby Crossgrove'),(131,7,65,'Loy McArthur'),(132,9,88,'Jedidiah Charkham'),(133,10,99,'Carlota Hefferon'),(134,5,44,'Hal Brigham'),(135,3,33,'Marjory Pauler'),(136,2,12,'Warde Berrington'),(137,8,77,'Elfrieda Diviney'),(138,4,35,'Zia Murrie'),(139,2,16,'Jeniece Jealous'),(140,8,76,'Eberto Legrand'),(141,1,8,'Rosanne Reucastle'),(142,2,18,'Jeremie Townby'),(143,8,76,'Davita Cocks'),(144,3,26,'Sophronia Axston'),(145,9,86,'Warden Larmouth'),(146,8,78,'Cecilio Spurrier'),(147,5,50,'Huberto Faulkener'),(148,8,80,'Kerianne Haile'),(149,8,80,'Rina Hanney'),(150,4,40,'Avictor Dreini');
/*!40000 ALTER TABLE `tvshows` ENABLE KEYS */;
UNLOCK TABLES;

--
-- Dumping events for database 'milestone3'
--

--
-- Dumping routines for database 'milestone3'
--
/*!40103 SET TIME_ZONE=@OLD_TIME_ZONE */;

/*!40101 SET SQL_MODE=@OLD_SQL_MODE */;
/*!40014 SET FOREIGN_KEY_CHECKS=@OLD_FOREIGN_KEY_CHECKS */;
/*!40014 SET UNIQUE_CHECKS=@OLD_UNIQUE_CHECKS */;
/*!40101 SET CHARACTER_SET_CLIENT=@OLD_CHARACTER_SET_CLIENT */;
/*!40101 SET CHARACTER_SET_RESULTS=@OLD_CHARACTER_SET_RESULTS */;
/*!40101 SET COLLATION_CONNECTION=@OLD_COLLATION_CONNECTION */;
/*!40111 SET SQL_NOTES=@OLD_SQL_NOTES */;

-- Dump completed on 2022-11-22  8:50:09
